date,sk_hynix_signal,sk_hynix_confidence,real_estate_signal,real_estate_confidence,notes
2026-08-01,HOLD,50.0,WAIT,60.0,Market opening
2026-08-02,HOLD,48.0,WAIT,62.0,Slight decline
2026-08-10,HOLD,50,WAIT,60,Recorded from PEOS pipeline (2026-08)
2026-08-11,HOLD,50,WAIT,60,Recorded from PEOS pipeline (2026-08)
2026-08-12,HOLD,50,WAIT,60,Recorded from PEOS pipeline (2026-08)
2026-08-13,HOLD,50,WAIT,60,Recorded from PEOS pipeline (2026-08)
2026-08-14,HOLD,50,WAIT,60,Recorded from PEOS pipeline (2026-08)
2026-08-15,HOLD,50,WAIT,60,Recorded from PEOS pipeline (2026-08)
2026-08-16,HOLD,50,WAIT,60,Recorded from PEOS pipeline (2026-08)
2026-08-17,HOLD,50,ENTER,75,Recorded from PEOS pipeline (2026-08)
2026-08-18,HOLD,50,ENTER,75,Recorded from PEOS pipeline (2026-08)
