timestamp_utc,workflow,step,attempts_used,max_attempts,result
2026-08-27T02:50:04Z,sk-hynix-daily-report,investor_flow_fetch,1,36,success
2026-08-27T02:50:05Z,sk-hynix-daily-report,price_snapshot,1,36,success
2026-08-27T02:50:11Z,sk-hynix-daily-report,report_generation,1,36,success
2026-08-27T03:16:31Z,macro-data-sync,macro_sync,1,36,success
2026-08-27T10:45:16Z,sk-hynix-daily-report,investor_flow_fetch,1,36,success
2026-08-27T10:45:18Z,sk-hynix-daily-report,price_snapshot,1,36,success
2026-08-27T10:45:23Z,sk-hynix-daily-report,report_generation,1,36,success
2026-08-27T20:10:48Z,sk-hynix-daily-report,investor_flow_fetch,1,36,success
2026-08-27T20:10:49Z,sk-hynix-daily-report,price_snapshot,1,36,success
2026-08-27T20:10:54Z,sk-hynix-daily-report,report_generation,1,36,success
2026-08-27T20:19:07Z,portfolio-holdings-sync,holdings_sync,1,36,success
2026-08-28T01:52:20Z,real-estate-sync,apartment_sale,1,36,success
2026-08-28T01:52:39Z,real-estate-sync,apartment_rent,1,36,success
2026-08-28T01:52:57Z,real-estate-sync,villa_sale,1,36,success
2026-08-28T01:53:16Z,real-estate-sync,officetel_sale,1,36,success
2026-08-28T05:55:18Z,sk-hynix-daily-report,investor_flow_fetch,1,36,success
2026-08-28T05:55:19Z,sk-hynix-daily-report,price_snapshot,1,36,success
2026-08-28T05:55:25Z,sk-hynix-daily-report,report_generation,1,36,success
2026-08-28T06:05:29Z,macro-data-sync,macro_sync,1,36,success
2026-08-28T12:22:39Z,sk-hynix-daily-report,investor_flow_fetch,1,36,success
2026-08-28T12:22:40Z,sk-hynix-daily-report,price_snapshot,1,36,success
2026-08-28T12:22:46Z,sk-hynix-daily-report,report_generation,1,36,success
2026-08-28T21:07:36Z,sk-hynix-daily-report,investor_flow_fetch,1,36,success
2026-08-28T21:07:38Z,sk-hynix-daily-report,price_snapshot,1,36,success
2026-08-28T21:07:44Z,sk-hynix-daily-report,report_generation,1,36,success
2026-08-28T21:10:00Z,portfolio-holdings-sync,holdings_sync,1,36,success
2026-08-29T01:16:17Z,real-estate-sync,apartment_sale,1,36,success
2026-08-29T01:16:35Z,real-estate-sync,apartment_rent,1,36,success
2026-08-29T01:16:54Z,real-estate-sync,villa_sale,1,36,success
2026-08-29T01:17:12Z,real-estate-sync,officetel_sale,1,36,success
2026-08-29T03:27:42Z,sk-hynix-daily-report,investor_flow_fetch,1,36,success
2026-08-29T03:27:43Z,sk-hynix-daily-report,price_snapshot,1,36,success
2026-08-29T03:27:48Z,sk-hynix-daily-report,report_generation,1,36,success
2026-08-29T03:42:12Z,macro-data-sync,macro_sync,1,36,success
2026-08-29T07:32:24Z,sk-hynix-daily-report,investor_flow_fetch,1,36,success
2026-08-29T07:32:26Z,sk-hynix-daily-report,price_snapshot,1,36,success
2026-08-29T07:32:31Z,sk-hynix-daily-report,report_generation,1,36,success
2026-08-29T14:57:01Z,sk-hynix-daily-report,investor_flow_fetch,1,36,success
2026-08-29T14:57:03Z,sk-hynix-daily-report,price_snapshot,1,36,success
2026-08-29T14:57:08Z,sk-hynix-daily-report,report_generation,1,36,success
2026-08-29T15:00:11Z,portfolio-holdings-sync,holdings_sync,1,36,success
2026-08-29T20:07:10Z,real-estate-sync,apartment_sale,1,36,success
2026-08-29T20:07:14Z,real-estate-sync,apartment_rent,1,36,success
2026-08-29T20:07:18Z,real-estate-sync,villa_sale,1,36,success
2026-08-29T20:07:21Z,real-estate-sync,officetel_sale,1,36,success
2026-08-29T23:51:20Z,sk-hynix-daily-report,investor_flow_fetch,1,36,success
2026-08-29T23:51:21Z,sk-hynix-daily-report,price_snapshot,1,36,success
2026-08-29T23:51:25Z,sk-hynix-daily-report,report_generation,1,36,success
2026-08-30T00:17:08Z,macro-data-sync,macro_sync,1,36,success
2026-08-30T06:05:08Z,sk-hynix-daily-report,investor_flow_fetch,1,36,success
2026-08-30T06:05:09Z,sk-hynix-daily-report,price_snapshot,1,36,success
2026-08-30T06:05:15Z,sk-hynix-daily-report,report_generation,1,36,success
2026-08-30T14:42:52Z,sk-hynix-daily-report,investor_flow_fetch,1,36,success
2026-08-30T14:42:54Z,sk-hynix-daily-report,price_snapshot,1,36,success
2026-08-30T14:42:59Z,sk-hynix-daily-report,report_generation,1,36,success
2026-08-30T14:48:24Z,portfolio-holdings-sync,holdings_sync,1,36,success
2026-08-30T20:13:44Z,real-estate-sync,apartment_sale,1,36,success
2026-08-30T20:13:48Z,real-estate-sync,apartment_rent,1,36,success
2026-08-30T20:13:51Z,real-estate-sync,villa_sale,1,36,success
2026-08-30T20:13:55Z,real-estate-sync,officetel_sale,1,36,success
2026-08-31T00:10:02Z,sk-hynix-daily-report,investor_flow_fetch,1,36,success
2026-08-31T00:10:03Z,sk-hynix-daily-report,price_snapshot,1,36,success
2026-08-31T00:10:09Z,sk-hynix-daily-report,report_generation,1,36,success
2026-08-31T00:34:22Z,macro-data-sync,macro_sync,1,36,success
2026-08-31T06:24:34Z,sk-hynix-daily-report,investor_flow_fetch,1,36,success
2026-08-31T06:24:36Z,sk-hynix-daily-report,price_snapshot,1,36,success
2026-08-31T06:24:42Z,sk-hynix-daily-report,report_generation,1,36,success
2026-08-31T17:25:51Z,sk-hynix-daily-report,investor_flow_fetch,1,36,success
2026-08-31T17:25:52Z,sk-hynix-daily-report,price_snapshot,1,36,success
2026-08-31T17:25:57Z,sk-hynix-daily-report,report_generation,1,36,success
2026-08-31T17:33:05Z,portfolio-holdings-sync,holdings_sync,1,36,success
2026-08-31T22:09:01Z,real-estate-sync,apartment_sale,1,36,success
2026-08-31T22:09:19Z,real-estate-sync,apartment_rent,1,36,success
2026-08-31T22:09:38Z,real-estate-sync,villa_sale,1,36,success
2026-08-31T22:09:56Z,real-estate-sync,officetel_sale,1,36,success
2026-09-01T00:23:31Z,sec-edgar-capex,capex_fetch,1,36,success
2026-09-01T00:57:18Z,sk-hynix-daily-report,investor_flow_fetch,1,36,success
2026-09-01T00:57:20Z,sk-hynix-daily-report,price_snapshot,1,36,success
2026-09-01T00:57:26Z,sk-hynix-daily-report,report_generation,1,36,success
2026-09-01T01:16:39Z,macro-data-sync,macro_sync,1,36,success
2026-09-01T05:52:11Z,sk-hynix-daily-report,investor_flow_fetch,1,36,success
2026-09-01T05:52:12Z,sk-hynix-daily-report,price_snapshot,1,36,success
2026-09-01T05:52:17Z,sk-hynix-daily-report,report_generation,1,36,success
2026-09-01T12:08:12Z,sk-hynix-daily-report,investor_flow_fetch,1,36,success
2026-09-01T12:08:14Z,sk-hynix-daily-report,price_snapshot,1,36,success
2026-09-01T12:08:20Z,sk-hynix-daily-report,report_generation,1,36,success
2026-09-01T14:36:01Z,sk-hynix-daily-report,investor_flow_fetch,1,36,success
2026-09-01T14:36:02Z,sk-hynix-daily-report,price_snapshot,1,36,success
2026-09-01T14:36:07Z,sk-hynix-daily-report,report_generation,1,36,success
2026-09-01T14:45:15Z,portfolio-holdings-sync,holdings_sync,1,36,success
2026-09-01T20:16:17Z,real-estate-sync,apartment_sale,1,36,success
2026-09-01T20:16:22Z,real-estate-sync,apartment_rent,1,36,success
2026-09-01T20:16:25Z,real-estate-sync,villa_sale,1,36,success
2026-09-01T20:16:28Z,real-estate-sync,officetel_sale,1,36,success
2026-09-01T23:45:00Z,sk-hynix-daily-report,investor_flow_fetch,1,36,success
2026-09-01T23:45:01Z,sk-hynix-daily-report,price_snapshot,1,36,success
2026-09-01T23:45:06Z,sk-hynix-daily-report,report_generation,1,36,success
2026-09-02T00:08:18Z,macro-data-sync,macro_sync,1,36,success
2026-09-02T05:15:07Z,sk-hynix-daily-report,investor_flow_fetch,1,36,success
2026-09-02T05:15:09Z,sk-hynix-daily-report,price_snapshot,1,36,success
2026-09-02T05:15:15Z,sk-hynix-daily-report,report_generation,1,36,success
2026-09-02T14:09:43Z,sk-hynix-daily-report,investor_flow_fetch,1,36,success
2026-09-02T14:09:45Z,sk-hynix-daily-report,price_snapshot,1,36,success
2026-09-02T14:09:50Z,sk-hynix-daily-report,report_generation,1,36,success
2026-09-02T14:21:35Z,portfolio-holdings-sync,holdings_sync,1,36,success
2026-09-02T20:14:30Z,real-estate-sync,apartment_sale,1,36,success
2026-09-02T20:14:48Z,real-estate-sync,apartment_rent,1,36,success
2026-09-02T20:15:07Z,real-estate-sync,villa_sale,1,36,success
2026-09-02T20:15:25Z,real-estate-sync,officetel_sale,1,36,success
2026-09-02T23:47:59Z,sk-hynix-daily-report,investor_flow_fetch,1,36,success
2026-09-02T23:48:01Z,sk-hynix-daily-report,price_snapshot,1,36,success
2026-09-02T23:48:06Z,sk-hynix-daily-report,report_generation,1,36,success
2026-09-03T00:11:50Z,macro-data-sync,macro_sync,1,36,success
2026-09-03T05:21:00Z,sk-hynix-daily-report,investor_flow_fetch,1,36,success
2026-09-03T05:21:02Z,sk-hynix-daily-report,price_snapshot,1,36,success
2026-09-03T05:21:08Z,sk-hynix-daily-report,report_generation,1,36,success
2026-09-03T14:11:59Z,sk-hynix-daily-report,investor_flow_fetch,1,36,success
2026-09-03T14:12:00Z,sk-hynix-daily-report,price_snapshot,1,36,success
2026-09-03T14:12:05Z,sk-hynix-daily-report,report_generation,1,36,success
2026-09-03T14:25:15Z,portfolio-holdings-sync,holdings_sync,1,36,success
2026-09-03T20:14:52Z,real-estate-sync,apartment_sale,1,36,success
2026-09-03T20:14:56Z,real-estate-sync,apartment_rent,1,36,success
2026-09-03T20:15:00Z,real-estate-sync,villa_sale,1,36,success
2026-09-03T20:15:03Z,real-estate-sync,officetel_sale,1,36,success
2026-09-03T23:44:58Z,sk-hynix-daily-report,investor_flow_fetch,1,36,success
2026-09-03T23:45:00Z,sk-hynix-daily-report,price_snapshot,1,36,success
2026-09-03T23:45:05Z,sk-hynix-daily-report,report_generation,1,36,success
2026-09-04T00:03:27Z,macro-data-sync,macro_sync,1,36,success
2026-09-04T05:14:19Z,sk-hynix-daily-report,investor_flow_fetch,1,36,success
2026-09-04T05:14:21Z,sk-hynix-daily-report,price_snapshot,1,36,success
2026-09-04T05:14:25Z,sk-hynix-daily-report,report_generation,1,36,success
2026-09-04T14:03:13Z,sk-hynix-daily-report,investor_flow_fetch,1,36,success
2026-09-04T14:03:15Z,sk-hynix-daily-report,price_snapshot,1,36,success
2026-09-04T14:03:21Z,sk-hynix-daily-report,report_generation,1,36,success
2026-09-04T14:15:00Z,portfolio-holdings-sync,holdings_sync,1,36,success
2026-09-04T19:59:37Z,real-estate-sync,apartment_sale,1,36,success
2026-09-04T19:59:41Z,real-estate-sync,apartment_rent,1,36,success
2026-09-04T19:59:45Z,real-estate-sync,villa_sale,1,36,success
2026-09-04T19:59:49Z,real-estate-sync,officetel_sale,1,36,success
2026-09-04T23:39:18Z,sk-hynix-daily-report,investor_flow_fetch,1,36,success
2026-09-04T23:39:19Z,sk-hynix-daily-report,price_snapshot,1,36,success
2026-09-04T23:39:24Z,sk-hynix-daily-report,report_generation,1,36,success
2026-09-05T00:01:59Z,macro-data-sync,macro_sync,1,36,success
2026-09-05T05:03:26Z,sk-hynix-daily-report,investor_flow_fetch,1,36,success
2026-09-05T05:03:27Z,sk-hynix-daily-report,price_snapshot,1,36,success
2026-09-05T05:03:31Z,sk-hynix-daily-report,report_generation,1,36,success
2026-09-05T13:17:14Z,sk-hynix-daily-report,investor_flow_fetch,1,36,success
2026-09-05T13:17:16Z,sk-hynix-daily-report,price_snapshot,1,36,success
2026-09-05T13:17:22Z,sk-hynix-daily-report,report_generation,1,36,success
2026-09-05T13:23:56Z,portfolio-holdings-sync,holdings_sync,1,36,success
2026-09-05T19:40:10Z,real-estate-sync,apartment_sale,1,36,success
2026-09-05T19:40:14Z,real-estate-sync,apartment_rent,1,36,success
2026-09-05T19:40:18Z,real-estate-sync,villa_sale,1,36,success
2026-09-05T19:40:22Z,real-estate-sync,officetel_sale,1,36,success
2026-09-05T23:30:38Z,sk-hynix-daily-report,investor_flow_fetch,1,36,success
2026-09-05T23:30:39Z,sk-hynix-daily-report,price_snapshot,1,36,success
2026-09-05T23:30:45Z,sk-hynix-daily-report,report_generation,1,36,success
2026-09-05T23:52:47Z,macro-data-sync,macro_sync,1,36,success
2026-09-06T13:26:30Z,sk-hynix-daily-report,investor_flow_fetch,1,36,success
2026-09-06T13:26:31Z,sk-hynix-daily-report,price_snapshot,1,36,success
2026-09-06T13:26:38Z,sk-hynix-daily-report,report_generation,1,36,success
2026-09-06T13:35:27Z,portfolio-holdings-sync,holdings_sync,1,36,success
2026-09-06T19:42:57Z,real-estate-sync,apartment_sale,1,36,success
2026-09-06T19:43:16Z,real-estate-sync,apartment_rent,1,36,success
2026-09-06T19:43:34Z,real-estate-sync,villa_sale,1,36,success
2026-09-06T19:43:53Z,real-estate-sync,officetel_sale,1,36,success
2026-09-06T23:26:01Z,sk-hynix-daily-report,investor_flow_fetch,1,36,success
2026-09-06T23:26:03Z,sk-hynix-daily-report,price_snapshot,1,36,success
2026-09-06T23:26:09Z,sk-hynix-daily-report,report_generation,1,36,success
2026-09-06T23:50:35Z,macro-data-sync,macro_sync,1,36,success
2026-09-07T03:11:53Z,sk-hynix-daily-report,investor_flow_fetch,1,36,success
2026-09-07T03:11:55Z,sk-hynix-daily-report,price_snapshot,1,36,success
2026-09-07T03:11:59Z,sk-hynix-daily-report,report_generation,1,36,success
2026-09-07T05:26:58Z,sk-hynix-daily-report,investor_flow_fetch,1,36,success
2026-09-07T05:26:59Z,sk-hynix-daily-report,price_snapshot,1,36,success
2026-09-07T05:27:05Z,sk-hynix-daily-report,report_generation,1,36,success
2026-09-07T13:04:11Z,macro-data-sync,macro_sync,1,36,success
2026-09-07T13:43:23Z,real-estate-sync,apartment_sale,1,36,success
2026-09-07T13:43:41Z,real-estate-sync,apartment_rent,1,36,success
2026-09-07T13:43:59Z,real-estate-sync,villa_sale,1,36,success
2026-09-07T13:44:18Z,real-estate-sync,officetel_sale,1,36,success
2026-09-07T13:58:36Z,real-estate-sync,apartment_sale,1,36,success
2026-09-07T13:59:49Z,real-estate-sync,apartment_rent,1,36,success
2026-09-07T14:00:58Z,real-estate-sync,villa_sale,1,36,success
2026-09-07T14:01:37Z,real-estate-sync,officetel_sale,1,36,success
2026-09-07T15:33:34Z,sk-hynix-daily-report,investor_flow_fetch,1,36,success
2026-09-07T15:33:36Z,sk-hynix-daily-report,price_snapshot,1,36,success
2026-09-07T15:33:41Z,sk-hynix-daily-report,report_generation,1,36,success
2026-09-07T15:45:23Z,portfolio-holdings-sync,holdings_sync,1,36,success
2026-09-07T20:54:31Z,real-estate-sync,apartment_sale,1,36,success
2026-09-07T20:55:26Z,real-estate-sync,apartment_rent,1,36,success
2026-09-07T20:56:28Z,real-estate-sync,villa_sale,1,36,success
2026-09-07T20:56:55Z,real-estate-sync,officetel_sale,1,36,success
2026-09-07T23:17:21Z,sec-edgar-capex,capex_fetch,1,36,success
2026-09-07T23:55:25Z,sk-hynix-daily-report,investor_flow_fetch,1,36,success
2026-09-07T23:55:26Z,sk-hynix-daily-report,price_snapshot,1,36,success
2026-09-07T23:55:32Z,sk-hynix-daily-report,report_generation,1,36,success
2026-09-08T00:21:13Z,macro-data-sync,macro_sync,1,36,success
2026-09-08T05:27:20Z,sk-hynix-daily-report,investor_flow_fetch,1,36,success
2026-09-08T05:27:22Z,sk-hynix-daily-report,price_snapshot,1,36,success
2026-09-08T05:27:28Z,sk-hynix-daily-report,report_generation,1,36,success
2026-09-08T14:12:33Z,sk-hynix-daily-report,investor_flow_fetch,1,36,success
2026-09-08T14:12:34Z,sk-hynix-daily-report,price_snapshot,1,36,success
2026-09-08T14:12:39Z,sk-hynix-daily-report,report_generation,1,36,success
2026-09-08T14:24:38Z,portfolio-holdings-sync,holdings_sync,1,36,success
2026-09-08T20:27:39Z,real-estate-sync,apartment_sale,1,36,success
2026-09-08T20:29:15Z,real-estate-sync,apartment_rent,1,36,success
2026-09-08T20:30:51Z,real-estate-sync,villa_sale,1,36,success
2026-09-08T20:32:28Z,real-estate-sync,officetel_sale,1,36,success
2026-09-08T23:47:56Z,sk-hynix-daily-report,investor_flow_fetch,1,36,success
2026-09-08T23:47:57Z,sk-hynix-daily-report,price_snapshot,1,36,success
2026-09-08T23:48:03Z,sk-hynix-daily-report,report_generation,1,36,success
2026-09-09T00:10:52Z,macro-data-sync,macro_sync,1,36,success
2026-09-09T05:33:03Z,sk-hynix-daily-report,investor_flow_fetch,1,36,success
2026-09-09T05:33:04Z,sk-hynix-daily-report,price_snapshot,1,36,success
2026-09-09T05:33:10Z,sk-hynix-daily-report,report_generation,1,36,success
2026-09-09T14:13:06Z,sk-hynix-daily-report,investor_flow_fetch,1,36,success
2026-09-09T14:13:08Z,sk-hynix-daily-report,price_snapshot,1,36,success
2026-09-09T14:13:14Z,sk-hynix-daily-report,report_generation,1,36,success
2026-09-09T14:27:06Z,portfolio-holdings-sync,holdings_sync,1,36,success
2026-09-09T20:10:56Z,real-estate-sync,apartment_sale,1,36,success
2026-09-09T20:12:44Z,real-estate-sync,apartment_rent,1,36,success
2026-09-09T20:13:25Z,real-estate-sync,villa_sale,1,36,success
2026-09-09T20:14:13Z,real-estate-sync,officetel_sale,1,36,success
2026-09-09T23:46:57Z,sk-hynix-daily-report,investor_flow_fetch,1,36,success
2026-09-09T23:46:58Z,sk-hynix-daily-report,price_snapshot,1,36,success
2026-09-09T23:47:03Z,sk-hynix-daily-report,report_generation,1,36,success
2026-09-10T00:11:44Z,macro-data-sync,macro_sync,1,36,success
2026-09-10T05:26:32Z,sk-hynix-daily-report,investor_flow_fetch,1,36,success
2026-09-10T05:26:33Z,sk-hynix-daily-report,price_snapshot,1,36,success
2026-09-10T05:26:38Z,sk-hynix-daily-report,report_generation,1,36,success
2026-09-10T14:06:58Z,sk-hynix-daily-report,investor_flow_fetch,1,36,success
2026-09-10T14:06:59Z,sk-hynix-daily-report,price_snapshot,1,36,success
2026-09-10T14:07:04Z,sk-hynix-daily-report,report_generation,1,36,success
2026-09-10T20:12:11Z,real-estate-sync,apartment_sale,1,36,success
2026-09-10T20:13:31Z,real-estate-sync,apartment_rent,1,36,success
2026-09-10T20:14:24Z,real-estate-sync,villa_sale,1,36,success
2026-09-10T20:15:03Z,real-estate-sync,officetel_sale,1,36,success
2026-09-10T23:20:52Z,core10-collect,core10,1,4,success
2026-09-10T23:38:50Z,sk-hynix-daily-report,investor_flow_fetch,1,36,success
2026-09-10T23:38:52Z,sk-hynix-daily-report,price_snapshot,1,36,success
2026-09-10T23:38:57Z,sk-hynix-daily-report,report_generation,1,36,success
2026-09-11T00:07:21Z,macro-data-sync,macro_sync,1,36,success
2026-09-11T05:25:26Z,sk-hynix-daily-report,investor_flow_fetch,1,36,success
2026-09-11T05:25:27Z,sk-hynix-daily-report,price_snapshot,1,36,success
2026-09-11T05:25:33Z,sk-hynix-daily-report,report_generation,1,36,success
2026-09-11T14:06:54Z,sk-hynix-daily-report,investor_flow_fetch,1,36,success
2026-09-11T14:06:55Z,sk-hynix-daily-report,price_snapshot,1,36,success
2026-09-11T14:07:01Z,sk-hynix-daily-report,report_generation,1,36,success
2026-09-11T14:19:15Z,portfolio-holdings-sync,holdings_sync,1,36,success
2026-09-11T20:11:51Z,real-estate-sync,apartment_sale,1,36,success
2026-09-11T20:13:29Z,real-estate-sync,apartment_rent,1,36,success
2026-09-11T20:15:07Z,real-estate-sync,villa_sale,1,36,success
2026-09-11T20:16:45Z,real-estate-sync,officetel_sale,1,36,success
2026-09-11T23:50:19Z,sk-hynix-daily-report,investor_flow_fetch,1,36,success
2026-09-11T23:50:20Z,sk-hynix-daily-report,price_snapshot,1,36,success
2026-09-11T23:50:26Z,sk-hynix-daily-report,report_generation,1,36,success
2026-09-12T00:15:00Z,macro-data-sync,macro_sync,1,36,success
2026-09-12T05:15:51Z,sk-hynix-daily-report,investor_flow_fetch,1,36,success
2026-09-12T05:15:53Z,sk-hynix-daily-report,price_snapshot,1,36,success
2026-09-12T05:15:58Z,sk-hynix-daily-report,report_generation,1,36,success
2026-09-12T13:23:16Z,sk-hynix-daily-report,investor_flow_fetch,1,36,success
2026-09-12T13:23:18Z,sk-hynix-daily-report,price_snapshot,1,36,success
2026-09-12T13:23:24Z,sk-hynix-daily-report,report_generation,1,36,success
2026-09-12T13:32:29Z,portfolio-holdings-sync,holdings_sync,1,36,success
2026-09-12T13:53:54Z,portfolio-holdings-sync,holdings_sync,1,36,success
2026-09-12T19:50:30Z,real-estate-sync,apartment_sale,1,36,success
2026-09-12T19:52:08Z,real-estate-sync,apartment_rent,1,36,success
2026-09-12T19:53:45Z,real-estate-sync,villa_sale,1,36,success
2026-09-12T19:55:23Z,real-estate-sync,officetel_sale,1,36,success
2026-09-12T23:10:05Z,core10-collect,core10,1,4,success
2026-09-12T23:40:15Z,sk-hynix-daily-report,investor_flow_fetch,1,36,success
2026-09-12T23:40:16Z,sk-hynix-daily-report,price_snapshot,1,36,success
2026-09-12T23:40:22Z,sk-hynix-daily-report,report_generation,1,36,success
2026-09-12T23:59:30Z,macro-data-sync,macro_sync,1,36,success
2026-09-13T05:29:56Z,sk-hynix-daily-report,investor_flow_fetch,1,36,success
2026-09-13T05:29:57Z,sk-hynix-daily-report,price_snapshot,1,36,success
2026-09-13T05:30:03Z,sk-hynix-daily-report,report_generation,1,36,success
2026-09-13T14:08:00Z,sk-hynix-daily-report,investor_flow_fetch,1,36,success
2026-09-13T14:08:01Z,sk-hynix-daily-report,price_snapshot,1,36,success
2026-09-13T14:08:06Z,sk-hynix-daily-report,report_generation,1,36,success
2026-09-13T14:15:55Z,portfolio-holdings-sync,holdings_sync,1,36,success
2026-09-13T19:59:30Z,real-estate-sync,apartment_sale,1,36,success
2026-09-13T20:01:01Z,real-estate-sync,apartment_rent,1,36,success
2026-09-13T20:01:57Z,real-estate-sync,villa_sale,1,36,success
2026-09-13T20:02:44Z,real-estate-sync,officetel_sale,1,36,success
2026-09-13T23:19:36Z,core10-collect,core10,1,4,success
2026-09-13T23:51:40Z,sk-hynix-daily-report,investor_flow_fetch,1,36,success
2026-09-13T23:51:41Z,sk-hynix-daily-report,price_snapshot,1,36,success
2026-09-13T23:51:46Z,sk-hynix-daily-report,report_generation,1,36,success
2026-09-14T00:08:55Z,macro-data-sync,macro_sync,1,36,success
2026-09-14T16:12:12Z,sk-hynix-daily-report,investor_flow_fetch,1,36,success
2026-09-14T16:12:13Z,sk-hynix-daily-report,price_snapshot,1,36,success
2026-09-14T16:12:20Z,sk-hynix-daily-report,report_generation,1,36,success
2026-09-14T16:18:45Z,portfolio-holdings-sync,holdings_sync,1,36,success
2026-09-14T21:09:13Z,real-estate-sync,apartment_sale,1,36,success
2026-09-14T21:10:16Z,real-estate-sync,apartment_rent,1,36,success
2026-09-14T21:11:05Z,real-estate-sync,villa_sale,1,36,success
2026-09-14T21:11:33Z,real-estate-sync,officetel_sale,1,36,success
2026-09-14T23:41:32Z,sec-edgar-capex,capex_fetch,1,36,success
2026-09-15T00:11:55Z,sk-hynix-daily-report,investor_flow_fetch,1,36,success
2026-09-15T00:11:56Z,sk-hynix-daily-report,price_snapshot,1,36,success
2026-09-15T00:12:03Z,sk-hynix-daily-report,report_generation,1,36,success
2026-09-15T00:35:41Z,macro-data-sync,macro_sync,1,36,success
2026-09-15T05:35:13Z,sk-hynix-daily-report,investor_flow_fetch,1,36,success
2026-09-15T05:35:14Z,sk-hynix-daily-report,price_snapshot,1,36,success
2026-09-15T05:35:19Z,sk-hynix-daily-report,report_generation,1,36,success
2026-09-15T14:40:35Z,sk-hynix-daily-report,investor_flow_fetch,1,36,success
2026-09-15T14:40:37Z,sk-hynix-daily-report,price_snapshot,1,36,success
2026-09-15T14:40:43Z,sk-hynix-daily-report,report_generation,1,36,success
2026-09-15T14:53:37Z,portfolio-holdings-sync,holdings_sync,1,36,success
2026-09-15T20:36:19Z,real-estate-sync,apartment_sale,1,36,success
2026-09-15T20:37:59Z,real-estate-sync,apartment_rent,1,36,success
2026-09-15T20:39:12Z,real-estate-sync,villa_sale,1,36,success
2026-09-15T20:39:55Z,real-estate-sync,officetel_sale,1,36,success
2026-09-15T23:55:20Z,sk-hynix-daily-report,investor_flow_fetch,1,36,success
2026-09-15T23:55:21Z,sk-hynix-daily-report,price_snapshot,1,36,success
2026-09-15T23:55:26Z,sk-hynix-daily-report,report_generation,1,36,success
2026-09-16T00:16:09Z,macro-data-sync,macro_sync,1,36,success
2026-09-16T05:28:46Z,sk-hynix-daily-report,investor_flow_fetch,1,36,success
2026-09-16T05:28:47Z,sk-hynix-daily-report,price_snapshot,1,36,success
2026-09-16T05:28:53Z,sk-hynix-daily-report,report_generation,1,36,success
2026-09-16T14:40:40Z,sk-hynix-daily-report,investor_flow_fetch,1,36,success
2026-09-16T14:40:41Z,sk-hynix-daily-report,price_snapshot,1,36,success
2026-09-16T14:40:46Z,sk-hynix-daily-report,report_generation,1,36,success
2026-09-16T14:50:24Z,portfolio-holdings-sync,holdings_sync,1,36,success
2026-09-16T20:37:02Z,real-estate-sync,apartment_sale,1,36,success
2026-09-16T20:38:39Z,real-estate-sync,apartment_rent,1,36,success
2026-09-16T20:40:16Z,real-estate-sync,villa_sale,1,36,success
2026-09-16T20:41:54Z,real-estate-sync,officetel_sale,1,36,success
2026-09-16T22:55:05Z,macro-data-sync,macro_sync,1,36,success
2026-09-17T00:01:51Z,sk-hynix-daily-report,investor_flow_fetch,1,36,success
2026-09-17T00:01:52Z,sk-hynix-daily-report,price_snapshot,1,36,success
2026-09-17T00:01:57Z,sk-hynix-daily-report,report_generation,1,36,success
2026-09-17T00:27:55Z,macro-data-sync,macro_sync,1,36,success
2026-09-17T05:36:11Z,sk-hynix-daily-report,investor_flow_fetch,1,36,success
2026-09-17T05:36:12Z,sk-hynix-daily-report,price_snapshot,1,36,success
2026-09-17T05:36:19Z,sk-hynix-daily-report,report_generation,1,36,success
2026-09-17T14:44:16Z,sk-hynix-daily-report,investor_flow_fetch,1,36,success
2026-09-17T14:44:17Z,sk-hynix-daily-report,price_snapshot,1,36,success
2026-09-17T14:44:24Z,sk-hynix-daily-report,report_generation,1,36,success
2026-09-17T14:52:55Z,portfolio-holdings-sync,holdings_sync,1,36,success
2026-09-17T20:43:25Z,real-estate-sync,apartment_sale,1,36,success
2026-09-17T20:45:01Z,real-estate-sync,apartment_rent,1,36,success
2026-09-17T20:46:37Z,real-estate-sync,villa_sale,1,36,success
2026-09-17T20:48:12Z,real-estate-sync,officetel_sale,1,36,success
2026-09-17T23:37:09Z,core10-collect,core10,1,4,success
2026-09-17T23:51:55Z,sk-hynix-daily-report,investor_flow_fetch,1,36,success
2026-09-17T23:51:57Z,sk-hynix-daily-report,price_snapshot,1,36,success
2026-09-17T23:52:03Z,sk-hynix-daily-report,report_generation,1,36,success
2026-09-18T00:14:08Z,macro-data-sync,macro_sync,1,36,success
2026-09-18T05:23:48Z,sk-hynix-daily-report,investor_flow_fetch,1,36,success
2026-09-18T05:23:50Z,sk-hynix-daily-report,price_snapshot,1,36,success
2026-09-18T05:23:56Z,sk-hynix-daily-report,report_generation,1,36,success
2026-09-18T11:20:22Z,macro-data-sync,macro_sync,1,36,success
2026-09-18T14:10:07Z,sk-hynix-daily-report,investor_flow_fetch,1,36,success
2026-09-18T14:10:08Z,sk-hynix-daily-report,price_snapshot,1,36,success
2026-09-18T14:10:14Z,sk-hynix-daily-report,report_generation,1,36,success
2026-09-18T14:22:52Z,portfolio-holdings-sync,holdings_sync,1,36,success
2026-09-18T20:07:00Z,real-estate-sync,apartment_sale,1,36,success
2026-09-18T20:08:06Z,real-estate-sync,apartment_rent,1,36,success
2026-09-18T20:08:39Z,real-estate-sync,villa_sale,1,36,success
2026-09-18T20:09:09Z,real-estate-sync,officetel_sale,1,36,success
2026-09-18T22:33:48Z,macro-data-sync,macro_sync,1,36,success
2026-09-18T23:29:35Z,core10-collect,core10,1,4,success
2026-09-18T23:50:03Z,sk-hynix-daily-report,investor_flow_fetch,1,36,success
2026-09-18T23:50:04Z,sk-hynix-daily-report,price_snapshot,1,36,success
2026-09-18T23:50:09Z,sk-hynix-daily-report,report_generation,1,36,success
2026-09-19T00:17:23Z,macro-data-sync,macro_sync,1,36,success
2026-09-19T05:17:23Z,sk-hynix-daily-report,investor_flow_fetch,1,36,success
2026-09-19T05:17:25Z,sk-hynix-daily-report,price_snapshot,1,36,success
2026-09-19T05:17:31Z,sk-hynix-daily-report,report_generation,1,36,success
2026-09-19T13:43:43Z,sk-hynix-daily-report,investor_flow_fetch,1,36,success
2026-09-19T13:43:45Z,sk-hynix-daily-report,price_snapshot,1,36,success
2026-09-19T13:43:51Z,sk-hynix-daily-report,report_generation,1,36,success
2026-09-19T13:52:28Z,portfolio-holdings-sync,holdings_sync,1,36,success
2026-09-19T19:44:16Z,real-estate-sync,apartment_sale,1,36,success
2026-09-19T19:45:14Z,real-estate-sync,apartment_rent,1,36,success
2026-09-19T19:46:02Z,real-estate-sync,villa_sale,1,36,success
2026-09-19T19:46:48Z,real-estate-sync,officetel_sale,1,36,success
2026-09-19T22:19:31Z,macro-data-sync,macro_sync,1,36,success
2026-09-19T23:21:04Z,core10-collect,core10,1,4,success
2026-09-19T23:51:26Z,sk-hynix-daily-report,investor_flow_fetch,1,36,success
2026-09-19T23:51:27Z,sk-hynix-daily-report,price_snapshot,1,36,success
2026-09-19T23:51:32Z,sk-hynix-daily-report,report_generation,1,36,success
2026-09-20T00:08:18Z,macro-data-sync,macro_sync,1,36,success
2026-09-20T05:32:30Z,sk-hynix-daily-report,investor_flow_fetch,1,36,success
2026-09-20T05:32:32Z,sk-hynix-daily-report,price_snapshot,1,36,success
2026-09-20T05:32:38Z,sk-hynix-daily-report,report_generation,1,36,success
2026-09-20T13:59:26Z,sk-hynix-daily-report,investor_flow_fetch,1,36,success
2026-09-20T13:59:28Z,sk-hynix-daily-report,price_snapshot,1,36,success
2026-09-20T13:59:34Z,sk-hynix-daily-report,report_generation,1,36,success
2026-09-20T14:08:09Z,portfolio-holdings-sync,holdings_sync,1,36,success
2026-09-20T19:56:39Z,real-estate-sync,apartment_sale,1,36,success
2026-09-20T19:57:58Z,real-estate-sync,apartment_rent,1,36,success
2026-09-20T19:58:43Z,real-estate-sync,villa_sale,1,36,success
2026-09-20T19:59:29Z,real-estate-sync,officetel_sale,1,36,success
2026-09-20T22:25:14Z,macro-data-sync,macro_sync,1,36,success
2026-09-20T23:48:25Z,sk-hynix-daily-report,investor_flow_fetch,1,36,success
2026-09-20T23:48:27Z,sk-hynix-daily-report,price_snapshot,1,36,success
2026-09-20T23:48:33Z,sk-hynix-daily-report,report_generation,1,36,success
2026-09-21T00:13:52Z,macro-data-sync,macro_sync,1,36,success
2026-09-21T05:39:43Z,sk-hynix-daily-report,investor_flow_fetch,1,36,success
2026-09-21T05:39:44Z,sk-hynix-daily-report,price_snapshot,1,36,success
2026-09-21T05:39:50Z,sk-hynix-daily-report,report_generation,1,36,success
2026-09-21T16:17:07Z,sk-hynix-daily-report,investor_flow_fetch,1,36,success
2026-09-21T16:17:08Z,sk-hynix-daily-report,price_snapshot,1,36,success
2026-09-21T16:17:13Z,sk-hynix-daily-report,report_generation,1,36,success
2026-09-21T16:24:35Z,portfolio-holdings-sync,holdings_sync,1,36,success
2026-09-21T21:21:23Z,real-estate-sync,apartment_sale,1,36,success
2026-09-21T21:22:50Z,real-estate-sync,apartment_rent,1,36,success
2026-09-21T21:23:32Z,real-estate-sync,villa_sale,1,36,success
2026-09-21T21:24:26Z,real-estate-sync,officetel_sale,1,36,success
2026-09-21T23:15:41Z,macro-data-sync,macro_sync,1,36,success
2026-09-21T23:50:15Z,sec-edgar-capex,capex_fetch,1,36,success
2026-09-22T00:31:57Z,sk-hynix-daily-report,investor_flow_fetch,1,36,success
2026-09-22T00:31:58Z,sk-hynix-daily-report,price_snapshot,1,36,success
2026-09-22T00:32:05Z,sk-hynix-daily-report,report_generation,1,36,success
2026-09-22T00:48:28Z,macro-data-sync,macro_sync,1,36,success
2026-09-22T05:36:57Z,sk-hynix-daily-report,investor_flow_fetch,1,36,success
2026-09-22T05:36:58Z,sk-hynix-daily-report,price_snapshot,1,36,success
2026-09-22T05:37:03Z,sk-hynix-daily-report,report_generation,1,36,success
2026-09-22T14:25:08Z,sk-hynix-daily-report,investor_flow_fetch,1,36,success
2026-09-22T14:25:09Z,sk-hynix-daily-report,price_snapshot,1,36,success
2026-09-22T14:25:15Z,sk-hynix-daily-report,report_generation,1,36,success
2026-09-22T14:42:14Z,portfolio-holdings-sync,holdings_sync,1,36,success
2026-09-22T20:38:29Z,real-estate-sync,apartment_sale,1,36,success
2026-09-22T20:39:37Z,real-estate-sync,apartment_rent,1,36,success
2026-09-22T20:40:16Z,real-estate-sync,villa_sale,1,36,success
2026-09-22T20:41:12Z,real-estate-sync,officetel_sale,1,36,success
2026-09-22T22:55:48Z,macro-data-sync,macro_sync,1,36,success
2026-09-22T23:42:53Z,core10-collect,core10,1,4,success
2026-09-22T23:58:02Z,sk-hynix-daily-report,investor_flow_fetch,1,36,success
2026-09-22T23:58:03Z,sk-hynix-daily-report,price_snapshot,1,36,success
2026-09-22T23:58:08Z,sk-hynix-daily-report,report_generation,1,36,success
2026-09-23T00:28:13Z,macro-data-sync,macro_sync,1,36,success
2026-09-23T05:22:56Z,sk-hynix-daily-report,investor_flow_fetch,1,36,success
2026-09-23T05:22:57Z,sk-hynix-daily-report,price_snapshot,1,36,success
2026-09-23T05:23:02Z,sk-hynix-daily-report,report_generation,1,36,success
2026-09-23T14:45:12Z,sk-hynix-daily-report,investor_flow_fetch,1,36,success
2026-09-23T14:45:13Z,sk-hynix-daily-report,price_snapshot,1,36,success
2026-09-23T14:45:18Z,sk-hynix-daily-report,report_generation,1,36,success
2026-09-23T14:54:39Z,portfolio-holdings-sync,holdings_sync,1,36,success
2026-09-23T20:48:35Z,real-estate-sync,apartment_sale,1,36,success
2026-09-23T20:50:22Z,real-estate-sync,apartment_rent,1,36,success
2026-09-23T20:51:23Z,real-estate-sync,villa_sale,1,36,success
2026-09-23T20:52:01Z,real-estate-sync,officetel_sale,1,36,success
2026-09-23T22:56:09Z,macro-data-sync,macro_sync,1,36,success
2026-09-23T23:52:02Z,core10-collect,core10,1,4,success
2026-09-24T00:11:41Z,sk-hynix-daily-report,investor_flow_fetch,1,36,success
2026-09-24T00:11:42Z,sk-hynix-daily-report,price_snapshot,1,36,success
2026-09-24T00:11:47Z,sk-hynix-daily-report,report_generation,1,36,success
2026-09-24T01:43:28Z,real-estate-sync,apartment_sale,1,36,success
2026-09-24T01:44:43Z,real-estate-sync,apartment_rent,1,36,success
2026-09-24T01:45:24Z,real-estate-sync,villa_sale,1,36,success
2026-09-24T01:45:59Z,real-estate-sync,officetel_sale,1,36,success
2026-09-24T03:15:45Z,real-estate-sync,apartment_sale,1,36,success
2026-09-24T03:17:22Z,real-estate-sync,apartment_rent,1,36,success
2026-09-24T03:20:03Z,real-estate-sync,villa_sale,1,36,success
2026-09-24T03:21:40Z,real-estate-sync,officetel_sale,1,36,success
2026-09-24T03:31:45Z,real-estate-sync,apartment_sale,1,36,success
2026-09-24T03:33:25Z,real-estate-sync,apartment_rent,1,36,success
2026-09-24T03:42:47Z,real-estate-sync,villa_sale,1,36,success
2026-09-24T03:43:27Z,real-estate-sync,officetel_sale,1,36,success
2026-09-24T05:38:39Z,sk-hynix-daily-report,investor_flow_fetch,1,36,success
2026-09-24T05:38:40Z,sk-hynix-daily-report,price_snapshot,1,36,success
2026-09-24T05:38:45Z,sk-hynix-daily-report,report_generation,1,36,success
2026-09-24T14:40:42Z,sk-hynix-daily-report,investor_flow_fetch,1,36,success
2026-09-24T14:40:44Z,sk-hynix-daily-report,price_snapshot,1,36,success
2026-09-24T14:40:49Z,sk-hynix-daily-report,report_generation,1,36,success
2026-09-24T14:55:51Z,portfolio-holdings-sync,holdings_sync,1,36,success
2026-09-24T16:05:05Z,sec-edgar-capex,capex_fetch,1,36,success
2026-09-24T16:22:25Z,macro-data-sync,macro_sync,1,36,success
2026-09-24T16:22:29Z,macro-data-sync,bottleneck_prices,1,3,success
2026-09-24T16:47:40Z,sk-hynix-daily-report,investor_flow_fetch,1,36,success
2026-09-24T16:47:42Z,sk-hynix-daily-report,price_snapshot,1,36,success
2026-09-24T16:47:47Z,sk-hynix-daily-report,report_generation,1,36,success
2026-09-24T20:54:31Z,real-estate-sync,apartment_sale,1,36,success
2026-09-24T20:55:53Z,real-estate-sync,apartment_rent,1,36,success
2026-09-24T20:56:34Z,real-estate-sync,villa_sale,1,36,success
2026-09-24T20:57:13Z,real-estate-sync,officetel_sale,1,36,success
2026-09-24T23:11:56Z,macro-data-sync,macro_sync,1,36,success
2026-09-24T23:11:59Z,macro-data-sync,bottleneck_prices,1,3,success
2026-09-24T23:58:18Z,core10-collect,core10,1,4,success
2026-09-25T00:13:32Z,sk-hynix-daily-report,investor_flow_fetch,1,36,success
2026-09-25T00:13:33Z,sk-hynix-daily-report,price_snapshot,1,36,success
2026-09-25T00:13:38Z,sk-hynix-daily-report,report_generation,1,36,success
