date,kospi_level,approx_forward_pe,pct_of_anchor_pe,vs_20y_mean,band_position,method,anchor_date,caveat
2026-07-31,6595.45,5.65,-15.11%,-43.55%,-1SD 미만,EPS불변가정 근사(지수변화율 역산),"2026-07-02(09:51 KST 장중 스냅샷(뉴스 보도), 정확한 종가 아님)","정밀치 아님, 어닝시즌 이후 실제 컨센서스 EPS 리비전 미반영"
2026-08-01,6595.45,5.65,-15.11%,-43.55%,-1SD 미만,EPS불변가정 근사(지수변화율 역산),"2026-07-02(09:51 KST 장중 스냅샷(뉴스 보도), 정확한 종가 아님)","정밀치 아님, 어닝시즌 이후 실제 컨센서스 EPS 리비전 미반영"
2026-08-02,6595.45,5.65,-15.11%,-43.55%,-1SD 미만,EPS불변가정 근사(지수변화율 역산),"2026-07-02(09:51 KST 장중 스냅샷(뉴스 보도), 정확한 종가 아님)","정밀치 아님, 어닝시즌 이후 실제 컨센서스 EPS 리비전 미반영"
2026-08-03,6257.45,5.36,-19.46%,-46.44%,-1SD 미만,EPS불변가정 근사(지수변화율 역산),"2026-07-02(09:51 KST 장중 스냅샷(뉴스 보도), 정확한 종가 아님)","정밀치 아님, 어닝시즌 이후 실제 컨센서스 EPS 리비전 미반영"
2026-08-04,6358.95,5.44,-18.15%,-45.57%,-1SD 미만,EPS불변가정 근사(지수변화율 역산),"2026-07-02(09:51 KST 장중 스냅샷(뉴스 보도), 정확한 종가 아님)","정밀치 아님, 어닝시즌 이후 실제 컨센서스 EPS 리비전 미반영"
2026-08-05,6598.26,5.65,-15.07%,-43.52%,-1SD 미만,EPS불변가정 근사(지수변화율 역산),"2026-07-02(09:51 KST 장중 스냅샷(뉴스 보도), 정확한 종가 아님)","정밀치 아님, 어닝시즌 이후 실제 컨센서스 EPS 리비전 미반영"
2026-08-06,6296.38,5.39,-18.96%,-46.11%,-1SD 미만,EPS불변가정 근사(지수변화율 역산),"2026-07-02(09:51 KST 장중 스냅샷(뉴스 보도), 정확한 종가 아님)","정밀치 아님, 어닝시즌 이후 실제 컨센서스 EPS 리비전 미반영"
2026-08-07,6258.77,5.36,-19.44%,-46.43%,-1SD 미만,EPS불변가정 근사(지수변화율 역산),"2026-07-02(09:51 KST 장중 스냅샷(뉴스 보도), 정확한 종가 아님)","정밀치 아님, 어닝시즌 이후 실제 컨센서스 EPS 리비전 미반영"
2026-08-08,6258.77,5.36,-19.44%,-46.43%,-1SD 미만,EPS불변가정 근사(지수변화율 역산),"2026-07-02(09:51 KST 장중 스냅샷(뉴스 보도), 정확한 종가 아님)","정밀치 아님, 어닝시즌 이후 실제 컨센서스 EPS 리비전 미반영"
