series,date,value,provider,fetched_at
kr_base_rate,2016-07-01,1.25,ecos,2026-07-25T01:00:30+00:00
kr_base_rate,2016-08-01,1.25,ecos,2026-07-25T01:00:30+00:00
kr_base_rate,2016-09-01,1.25,ecos,2026-07-25T01:00:30+00:00
kr_base_rate,2016-10-01,1.25,ecos,2026-07-25T01:00:30+00:00
kr_base_rate,2016-11-01,1.25,ecos,2026-07-25T01:00:30+00:00
kr_base_rate,2016-12-01,1.25,ecos,2026-07-25T01:00:30+00:00
kr_base_rate,2017-01-01,1.25,ecos,2026-07-25T01:00:30+00:00
kr_base_rate,2017-02-01,1.25,ecos,2026-07-25T01:00:30+00:00
kr_base_rate,2017-03-01,1.25,ecos,2026-07-25T01:00:30+00:00
kr_base_rate,2017-04-01,1.25,ecos,2026-07-25T01:00:30+00:00
kr_base_rate,2017-05-01,1.25,ecos,2026-07-25T01:00:30+00:00
kr_base_rate,2017-06-01,1.25,ecos,2026-07-25T01:00:30+00:00
kr_base_rate,2017-07-01,1.25,ecos,2026-07-25T01:00:30+00:00
kr_base_rate,2017-08-01,1.25,ecos,2026-07-25T01:00:30+00:00
kr_base_rate,2017-09-01,1.25,ecos,2026-07-25T01:00:30+00:00
kr_base_rate,2017-10-01,1.25,ecos,2026-07-25T01:00:30+00:00
kr_base_rate,2017-11-01,1.5,ecos,2026-07-25T01:00:30+00:00
kr_base_rate,2017-12-01,1.5,ecos,2026-07-25T01:00:30+00:00
kr_base_rate,2018-01-01,1.5,ecos,2026-07-25T01:00:30+00:00
kr_base_rate,2018-02-01,1.5,ecos,2026-07-25T01:00:30+00:00
kr_base_rate,2018-03-01,1.5,ecos,2026-07-25T01:00:30+00:00
kr_base_rate,2018-04-01,1.5,ecos,2026-07-25T01:00:30+00:00
kr_base_rate,2018-05-01,1.5,ecos,2026-07-25T01:00:30+00:00
kr_base_rate,2018-06-01,1.5,ecos,2026-07-25T01:00:30+00:00
kr_base_rate,2018-07-01,1.5,ecos,2026-07-25T01:00:30+00:00
kr_base_rate,2018-08-01,1.5,ecos,2026-07-25T01:00:30+00:00
kr_base_rate,2018-09-01,1.5,ecos,2026-07-25T01:00:30+00:00
kr_base_rate,2018-10-01,1.5,ecos,2026-07-25T01:00:30+00:00
kr_base_rate,2018-11-01,1.75,ecos,2026-07-25T01:00:30+00:00
kr_base_rate,2018-12-01,1.75,ecos,2026-07-25T01:00:30+00:00
kr_base_rate,2019-01-01,1.75,ecos,2026-07-25T01:00:30+00:00
kr_base_rate,2019-02-01,1.75,ecos,2026-07-25T01:00:30+00:00
kr_base_rate,2019-03-01,1.75,ecos,2026-07-25T01:00:30+00:00
kr_base_rate,2019-04-01,1.75,ecos,2026-07-25T01:00:30+00:00
kr_base_rate,2019-05-01,1.75,ecos,2026-07-25T01:00:30+00:00
kr_base_rate,2019-06-01,1.75,ecos,2026-07-25T01:00:30+00:00
kr_base_rate,2019-07-01,1.5,ecos,2026-07-25T01:00:30+00:00
kr_base_rate,2019-08-01,1.5,ecos,2026-07-25T01:00:30+00:00
kr_base_rate,2019-09-01,1.5,ecos,2026-07-25T01:00:30+00:00
kr_base_rate,2019-10-01,1.25,ecos,2026-07-25T01:00:30+00:00
kr_base_rate,2019-11-01,1.25,ecos,2026-07-25T01:00:30+00:00
kr_base_rate,2019-12-01,1.25,ecos,2026-07-25T01:00:30+00:00
kr_base_rate,2020-01-01,1.25,ecos,2026-07-25T01:00:30+00:00
kr_base_rate,2020-02-01,1.25,ecos,2026-07-25T01:00:30+00:00
kr_base_rate,2020-03-01,0.75,ecos,2026-07-25T01:00:30+00:00
kr_base_rate,2020-04-01,0.75,ecos,2026-07-25T01:00:30+00:00
kr_base_rate,2020-05-01,0.5,ecos,2026-07-25T01:00:30+00:00
kr_base_rate,2020-06-01,0.5,ecos,2026-07-25T01:00:30+00:00
kr_base_rate,2020-07-01,0.5,ecos,2026-07-25T01:00:30+00:00
kr_base_rate,2020-08-01,0.5,ecos,2026-07-25T01:00:30+00:00
kr_base_rate,2020-09-01,0.5,ecos,2026-07-25T01:00:30+00:00
kr_base_rate,2020-10-01,0.5,ecos,2026-07-25T01:00:30+00:00
kr_base_rate,2020-11-01,0.5,ecos,2026-07-25T01:00:30+00:00
kr_base_rate,2020-12-01,0.5,ecos,2026-07-25T01:00:30+00:00
kr_base_rate,2021-01-01,0.5,ecos,2026-07-25T01:00:30+00:00
kr_base_rate,2021-02-01,0.5,ecos,2026-07-25T01:00:30+00:00
kr_base_rate,2021-03-01,0.5,ecos,2026-07-25T01:00:30+00:00
kr_base_rate,2021-04-01,0.5,ecos,2026-07-25T01:00:30+00:00
kr_base_rate,2021-05-01,0.5,ecos,2026-07-25T01:00:30+00:00
kr_base_rate,2021-06-01,0.5,ecos,2026-07-25T01:00:30+00:00
kr_base_rate,2021-07-01,0.5,ecos,2026-07-25T01:00:30+00:00
kr_base_rate,2021-08-01,0.75,ecos,2026-07-25T01:00:30+00:00
kr_base_rate,2021-09-01,0.75,ecos,2026-07-25T01:00:30+00:00
kr_base_rate,2021-10-01,0.75,ecos,2026-07-25T01:00:30+00:00
kr_base_rate,2021-11-01,1,ecos,2026-07-25T01:00:30+00:00
kr_base_rate,2021-12-01,1,ecos,2026-07-25T01:00:30+00:00
kr_base_rate,2022-01-01,1.25,ecos,2026-07-25T01:00:30+00:00
kr_base_rate,2022-02-01,1.25,ecos,2026-07-25T01:00:30+00:00
kr_base_rate,2022-03-01,1.25,ecos,2026-07-25T01:00:30+00:00
kr_base_rate,2022-04-01,1.5,ecos,2026-07-25T01:00:30+00:00
kr_base_rate,2022-05-01,1.75,ecos,2026-07-25T01:00:30+00:00
kr_base_rate,2022-06-01,1.75,ecos,2026-07-25T01:00:30+00:00
kr_base_rate,2022-07-01,2.25,ecos,2026-07-25T01:00:30+00:00
kr_base_rate,2022-08-01,2.5,ecos,2026-07-25T01:00:30+00:00
kr_base_rate,2022-09-01,2.5,ecos,2026-07-25T01:00:30+00:00
kr_base_rate,2022-10-01,3,ecos,2026-07-25T01:00:30+00:00
kr_base_rate,2022-11-01,3.25,ecos,2026-07-25T01:00:30+00:00
kr_base_rate,2022-12-01,3.25,ecos,2026-07-25T01:00:30+00:00
kr_base_rate,2023-01-01,3.5,ecos,2026-07-25T01:00:30+00:00
kr_base_rate,2023-02-01,3.5,ecos,2026-07-25T01:00:30+00:00
kr_base_rate,2023-03-01,3.5,ecos,2026-07-25T01:00:30+00:00
kr_base_rate,2023-04-01,3.5,ecos,2026-07-25T01:00:30+00:00
kr_base_rate,2023-05-01,3.5,ecos,2026-07-25T01:00:30+00:00
kr_base_rate,2023-06-01,3.5,ecos,2026-07-25T01:00:30+00:00
kr_base_rate,2023-07-01,3.5,ecos,2026-07-25T01:00:30+00:00
kr_base_rate,2023-08-01,3.5,ecos,2026-07-25T01:00:30+00:00
kr_base_rate,2023-09-01,3.5,ecos,2026-07-25T01:00:30+00:00
kr_base_rate,2023-10-01,3.5,ecos,2026-07-25T01:00:30+00:00
kr_base_rate,2023-11-01,3.5,ecos,2026-07-25T01:00:30+00:00
kr_base_rate,2023-12-01,3.5,ecos,2026-07-25T01:00:30+00:00
kr_base_rate,2024-01-01,3.5,ecos,2026-07-25T01:00:30+00:00
kr_base_rate,2024-02-01,3.5,ecos,2026-07-25T01:00:30+00:00
kr_base_rate,2024-03-01,3.5,ecos,2026-07-25T01:00:30+00:00
kr_base_rate,2024-04-01,3.5,ecos,2026-07-25T01:00:30+00:00
kr_base_rate,2024-05-01,3.5,ecos,2026-07-25T01:00:30+00:00
kr_base_rate,2024-06-01,3.5,ecos,2026-07-25T01:00:30+00:00
kr_base_rate,2024-07-01,3.5,ecos,2026-07-25T01:00:30+00:00
kr_base_rate,2024-08-01,3.5,ecos,2026-07-25T01:00:30+00:00
kr_base_rate,2024-09-01,3.5,ecos,2026-07-25T01:00:30+00:00
kr_base_rate,2024-10-01,3.25,ecos,2026-07-25T01:00:30+00:00
kr_base_rate,2024-11-01,3,ecos,2026-07-25T01:00:30+00:00
kr_base_rate,2024-12-01,3,ecos,2026-07-25T01:00:30+00:00
kr_base_rate,2025-01-01,3,ecos,2026-07-25T01:00:30+00:00
kr_base_rate,2025-02-01,2.75,ecos,2026-07-25T01:00:30+00:00
kr_base_rate,2025-03-01,2.75,ecos,2026-07-25T01:00:30+00:00
kr_base_rate,2025-04-01,2.75,ecos,2026-07-25T01:00:30+00:00
kr_base_rate,2025-05-01,2.5,ecos,2026-07-25T01:00:30+00:00
kr_base_rate,2025-06-01,2.5,ecos,2026-07-25T01:00:30+00:00
kr_base_rate,2025-07-01,2.5,ecos,2026-07-25T01:00:30+00:00
kr_base_rate,2025-08-01,2.5,ecos,2026-07-25T01:00:30+00:00
kr_base_rate,2025-09-01,2.5,ecos,2026-07-25T01:00:30+00:00
kr_base_rate,2025-10-01,2.5,ecos,2026-07-25T01:00:30+00:00
kr_base_rate,2025-11-01,2.5,ecos,2026-07-25T01:00:30+00:00
kr_base_rate,2025-12-01,2.5,ecos,2026-07-25T01:00:30+00:00
kr_base_rate,2026-01-01,2.5,ecos,2026-07-25T01:00:30+00:00
kr_base_rate,2026-02-01,2.5,ecos,2026-07-25T01:00:30+00:00
kr_base_rate,2026-03-01,2.5,ecos,2026-07-25T01:00:30+00:00
kr_base_rate,2026-04-01,2.5,ecos,2026-07-25T01:00:30+00:00
kr_base_rate,2026-05-01,2.5,ecos,2026-07-25T01:00:30+00:00
kr_base_rate,2026-06-01,2.5,ecos,2026-07-25T01:00:30+00:00
kr_usdkrw,2016-07-25,1135,ecos,2026-07-25T01:00:32+00:00
kr_usdkrw,2016-07-26,1136.9,ecos,2026-07-25T01:00:32+00:00
kr_usdkrw,2016-07-27,1138.4,ecos,2026-07-25T01:00:32+00:00
kr_usdkrw,2016-07-28,1134.1,ecos,2026-07-25T01:00:32+00:00
kr_usdkrw,2016-07-29,1125.7,ecos,2026-07-25T01:00:32+00:00
kr_usdkrw,2016-08-01,1122.4,ecos,2026-07-25T01:00:32+00:00
kr_usdkrw,2016-08-02,1111,ecos,2026-07-25T01:00:32+00:00
kr_usdkrw,2016-08-03,1108.9,ecos,2026-07-25T01:00:32+00:00
kr_usdkrw,2016-08-04,1114,ecos,2026-07-25T01:00:32+00:00
kr_usdkrw,2016-08-05,1113.8,ecos,2026-07-25T01:00:32+00:00
kr_usdkrw,2016-08-08,1111.3,ecos,2026-07-25T01:00:32+00:00
kr_usdkrw,2016-08-09,1112.7,ecos,2026-07-25T01:00:32+00:00
kr_usdkrw,2016-08-10,1107.2,ecos,2026-07-25T01:00:32+00:00
kr_usdkrw,2016-08-11,1096.1,ecos,2026-07-25T01:00:32+00:00
kr_usdkrw,2016-08-12,1098.6,ecos,2026-07-25T01:00:32+00:00
kr_usdkrw,2016-08-16,1101.1,ecos,2026-07-25T01:00:32+00:00
kr_usdkrw,2016-08-17,1095,ecos,2026-07-25T01:00:32+00:00
kr_usdkrw,2016-08-18,1102.3,ecos,2026-07-25T01:00:32+00:00
kr_usdkrw,2016-08-19,1106.4,ecos,2026-07-25T01:00:32+00:00
kr_usdkrw,2016-08-22,1115.2,ecos,2026-07-25T01:00:32+00:00
kr_usdkrw,2016-08-23,1125.3,ecos,2026-07-25T01:00:32+00:00
kr_usdkrw,2016-08-24,1117.4,ecos,2026-07-25T01:00:32+00:00
kr_usdkrw,2016-08-25,1121.6,ecos,2026-07-25T01:00:32+00:00
kr_usdkrw,2016-08-26,1119,ecos,2026-07-25T01:00:32+00:00
kr_usdkrw,2016-08-29,1113.9,ecos,2026-07-25T01:00:32+00:00
kr_usdkrw,2016-08-30,1125.2,ecos,2026-07-25T01:00:32+00:00
kr_usdkrw,2016-08-31,1118.5,ecos,2026-07-25T01:00:32+00:00
kr_usdkrw,2016-09-01,1117.4,ecos,2026-07-25T01:00:32+00:00
kr_usdkrw,2016-09-02,1119.3,ecos,2026-07-25T01:00:32+00:00
kr_usdkrw,2016-09-05,1117.6,ecos,2026-07-25T01:00:32+00:00
kr_usdkrw,2016-09-06,1108.2,ecos,2026-07-25T01:00:32+00:00
kr_usdkrw,2016-09-07,1105,ecos,2026-07-25T01:00:32+00:00
kr_usdkrw,2016-09-08,1093.2,ecos,2026-07-25T01:00:32+00:00
kr_usdkrw,2016-09-09,1093.2,ecos,2026-07-25T01:00:32+00:00
kr_usdkrw,2016-09-12,1099.5,ecos,2026-07-25T01:00:32+00:00
kr_usdkrw,2016-09-13,1110.6,ecos,2026-07-25T01:00:32+00:00
kr_usdkrw,2016-09-19,1112.3,ecos,2026-07-25T01:00:32+00:00
kr_usdkrw,2016-09-20,1120,ecos,2026-07-25T01:00:32+00:00
kr_usdkrw,2016-09-21,1119.5,ecos,2026-07-25T01:00:32+00:00
kr_usdkrw,2016-09-22,1116.8,ecos,2026-07-25T01:00:32+00:00
kr_usdkrw,2016-09-23,1103.1,ecos,2026-07-25T01:00:32+00:00
kr_usdkrw,2016-09-26,1104.2,ecos,2026-07-25T01:00:32+00:00
kr_usdkrw,2016-09-27,1106.9,ecos,2026-07-25T01:00:32+00:00
kr_usdkrw,2016-09-28,1103.5,ecos,2026-07-25T01:00:32+00:00
kr_usdkrw,2016-09-29,1095.7,ecos,2026-07-25T01:00:32+00:00
kr_usdkrw,2016-09-30,1096.3,ecos,2026-07-25T01:00:32+00:00
kr_usdkrw,2016-10-04,1102,ecos,2026-07-25T01:00:32+00:00
kr_usdkrw,2016-10-05,1105.1,ecos,2026-07-25T01:00:32+00:00
kr_usdkrw,2016-10-06,1113.8,ecos,2026-07-25T01:00:32+00:00
kr_usdkrw,2016-10-07,1111.3,ecos,2026-07-25T01:00:32+00:00
kr_usdkrw,2016-10-10,1115.7,ecos,2026-07-25T01:00:32+00:00
kr_usdkrw,2016-10-11,1111,ecos,2026-07-25T01:00:32+00:00
kr_usdkrw,2016-10-12,1117.2,ecos,2026-07-25T01:00:32+00:00
kr_usdkrw,2016-10-13,1123.3,ecos,2026-07-25T01:00:32+00:00
kr_usdkrw,2016-10-14,1130.5,ecos,2026-07-25T01:00:32+00:00
kr_usdkrw,2016-10-17,1132.9,ecos,2026-07-25T01:00:32+00:00
kr_usdkrw,2016-10-18,1140.3,ecos,2026-07-25T01:00:32+00:00
kr_usdkrw,2016-10-19,1132.3,ecos,2026-07-25T01:00:32+00:00
kr_usdkrw,2016-10-20,1122.8,ecos,2026-07-25T01:00:32+00:00
kr_usdkrw,2016-10-21,1124,ecos,2026-07-25T01:00:32+00:00
kr_usdkrw,2016-10-24,1134.5,ecos,2026-07-25T01:00:32+00:00
kr_usdkrw,2016-10-25,1134.5,ecos,2026-07-25T01:00:32+00:00
kr_usdkrw,2016-10-26,1136.5,ecos,2026-07-25T01:00:32+00:00
kr_usdkrw,2016-10-27,1132.4,ecos,2026-07-25T01:00:32+00:00
kr_usdkrw,2016-10-28,1140.2,ecos,2026-07-25T01:00:32+00:00
kr_usdkrw,2016-10-31,1145.2,ecos,2026-07-25T01:00:32+00:00
kr_usdkrw,2016-11-01,1144.6,ecos,2026-07-25T01:00:32+00:00
kr_usdkrw,2016-11-02,1141.8,ecos,2026-07-25T01:00:32+00:00
kr_usdkrw,2016-11-03,1148.7,ecos,2026-07-25T01:00:32+00:00
kr_usdkrw,2016-11-04,1140.6,ecos,2026-07-25T01:00:32+00:00
kr_usdkrw,2016-11-07,1143.4,ecos,2026-07-25T01:00:32+00:00
kr_usdkrw,2016-11-08,1141.6,ecos,2026-07-25T01:00:32+00:00
kr_usdkrw,2016-11-09,1137.5,ecos,2026-07-25T01:00:32+00:00
kr_usdkrw,2016-11-10,1145.8,ecos,2026-07-25T01:00:32+00:00
kr_usdkrw,2016-11-11,1151,ecos,2026-07-25T01:00:32+00:00
kr_usdkrw,2016-11-14,1164.4,ecos,2026-07-25T01:00:32+00:00
kr_usdkrw,2016-11-15,1169.8,ecos,2026-07-25T01:00:32+00:00
kr_usdkrw,2016-11-16,1168.8,ecos,2026-07-25T01:00:32+00:00
kr_usdkrw,2016-11-17,1167.2,ecos,2026-07-25T01:00:32+00:00
kr_usdkrw,2016-11-18,1174.4,ecos,2026-07-25T01:00:32+00:00
kr_usdkrw,2016-11-21,1182.3,ecos,2026-07-25T01:00:32+00:00
kr_usdkrw,2016-11-22,1183.6,ecos,2026-07-25T01:00:32+00:00
kr_usdkrw,2016-11-23,1175.5,ecos,2026-07-25T01:00:32+00:00
kr_usdkrw,2016-11-24,1174.9,ecos,2026-07-25T01:00:32+00:00
kr_usdkrw,2016-11-25,1182.4,ecos,2026-07-25T01:00:32+00:00
kr_usdkrw,2016-11-28,1178.9,ecos,2026-07-25T01:00:32+00:00
kr_usdkrw,2016-11-29,1170.3,ecos,2026-07-25T01:00:32+00:00
kr_usdkrw,2016-11-30,1168.5,ecos,2026-07-25T01:00:32+00:00
kr_usdkrw,2016-12-01,1168,ecos,2026-07-25T01:00:32+00:00
kr_usdkrw,2016-12-02,1172.6,ecos,2026-07-25T01:00:32+00:00
kr_usdkrw,2016-12-05,1170.5,ecos,2026-07-25T01:00:32+00:00
kr_usdkrw,2016-12-06,1173.8,ecos,2026-07-25T01:00:32+00:00
kr_usdkrw,2016-12-07,1169.5,ecos,2026-07-25T01:00:32+00:00
kr_usdkrw,2016-12-08,1169.4,ecos,2026-07-25T01:00:32+00:00
kr_usdkrw,2016-12-09,1159.1,ecos,2026-07-25T01:00:32+00:00
kr_usdkrw,2016-12-12,1166.2,ecos,2026-07-25T01:00:32+00:00
kr_usdkrw,2016-12-13,1170.2,ecos,2026-07-25T01:00:32+00:00
kr_usdkrw,2016-12-14,1165.5,ecos,2026-07-25T01:00:32+00:00
kr_usdkrw,2016-12-15,1168.3,ecos,2026-07-25T01:00:32+00:00
kr_usdkrw,2016-12-16,1180.1,ecos,2026-07-25T01:00:32+00:00
kr_usdkrw,2016-12-19,1183.4,ecos,2026-07-25T01:00:32+00:00
kr_usdkrw,2016-12-20,1186.4,ecos,2026-07-25T01:00:32+00:00
kr_usdkrw,2016-12-21,1191.2,ecos,2026-07-25T01:00:32+00:00
kr_usdkrw,2016-12-22,1194.2,ecos,2026-07-25T01:00:32+00:00
kr_usdkrw,2016-12-23,1198,ecos,2026-07-25T01:00:32+00:00
kr_usdkrw,2016-12-26,1202.9,ecos,2026-07-25T01:00:32+00:00
kr_usdkrw,2016-12-27,1199.4,ecos,2026-07-25T01:00:32+00:00
kr_usdkrw,2016-12-28,1205.3,ecos,2026-07-25T01:00:32+00:00
kr_usdkrw,2016-12-29,1207.6,ecos,2026-07-25T01:00:32+00:00
kr_usdkrw,2016-12-30,1208.5,ecos,2026-07-25T01:00:32+00:00
kr_usdkrw,2017-01-02,1208.5,ecos,2026-07-25T01:00:32+00:00
kr_usdkrw,2017-01-03,1207.8,ecos,2026-07-25T01:00:32+00:00
kr_usdkrw,2017-01-04,1206.2,ecos,2026-07-25T01:00:32+00:00
kr_usdkrw,2017-01-05,1206.7,ecos,2026-07-25T01:00:32+00:00
kr_usdkrw,2017-01-06,1191.6,ecos,2026-07-25T01:00:32+00:00
kr_usdkrw,2017-01-09,1189.1,ecos,2026-07-25T01:00:32+00:00
kr_usdkrw,2017-01-10,1205.5,ecos,2026-07-25T01:00:32+00:00
kr_usdkrw,2017-01-11,1198.7,ecos,2026-07-25T01:00:32+00:00
kr_usdkrw,2017-01-12,1196.4,ecos,2026-07-25T01:00:32+00:00
kr_usdkrw,2017-01-13,1182.8,ecos,2026-07-25T01:00:32+00:00
kr_usdkrw,2017-01-16,1177.7,ecos,2026-07-25T01:00:32+00:00
kr_usdkrw,2017-01-17,1180.5,ecos,2026-07-25T01:00:32+00:00
kr_usdkrw,2017-01-18,1180.9,ecos,2026-07-25T01:00:32+00:00
kr_usdkrw,2017-01-19,1165.6,ecos,2026-07-25T01:00:32+00:00
kr_usdkrw,2017-01-20,1177.1,ecos,2026-07-25T01:00:32+00:00
kr_usdkrw,2017-01-23,1172.5,ecos,2026-07-25T01:00:32+00:00
kr_usdkrw,2017-01-24,1166.7,ecos,2026-07-25T01:00:32+00:00
kr_usdkrw,2017-01-25,1163.6,ecos,2026-07-25T01:00:32+00:00
kr_usdkrw,2017-01-26,1166.2,ecos,2026-07-25T01:00:32+00:00
kr_usdkrw,2017-01-31,1157.8,ecos,2026-07-25T01:00:32+00:00
kr_usdkrw,2017-02-01,1165.5,ecos,2026-07-25T01:00:32+00:00
kr_usdkrw,2017-02-02,1155.2,ecos,2026-07-25T01:00:32+00:00
kr_usdkrw,2017-02-03,1149.2,ecos,2026-07-25T01:00:32+00:00
kr_usdkrw,2017-02-06,1146.8,ecos,2026-07-25T01:00:32+00:00
kr_usdkrw,2017-02-07,1137.7,ecos,2026-07-25T01:00:32+00:00
kr_usdkrw,2017-02-08,1142.1,ecos,2026-07-25T01:00:32+00:00
kr_usdkrw,2017-02-09,1145.4,ecos,2026-07-25T01:00:32+00:00
kr_usdkrw,2017-02-10,1145.7,ecos,2026-07-25T01:00:32+00:00
kr_usdkrw,2017-02-13,1151.4,ecos,2026-07-25T01:00:32+00:00
kr_usdkrw,2017-02-14,1151.9,ecos,2026-07-25T01:00:32+00:00
kr_usdkrw,2017-02-15,1144.5,ecos,2026-07-25T01:00:32+00:00
kr_usdkrw,2017-02-16,1141.6,ecos,2026-07-25T01:00:32+00:00
kr_usdkrw,2017-02-17,1138.9,ecos,2026-07-25T01:00:32+00:00
kr_usdkrw,2017-02-20,1145.3,ecos,2026-07-25T01:00:32+00:00
kr_usdkrw,2017-02-21,1147.6,ecos,2026-07-25T01:00:32+00:00
kr_usdkrw,2017-02-22,1146.8,ecos,2026-07-25T01:00:32+00:00
kr_usdkrw,2017-02-23,1140.9,ecos,2026-07-25T01:00:32+00:00
kr_usdkrw,2017-02-24,1138.8,ecos,2026-07-25T01:00:32+00:00
kr_usdkrw,2017-02-27,1131,ecos,2026-07-25T01:00:32+00:00
kr_usdkrw,2017-02-28,1132.1,ecos,2026-07-25T01:00:32+00:00
kr_usdkrw,2017-03-02,1132.3,ecos,2026-07-25T01:00:32+00:00
kr_usdkrw,2017-03-03,1142,ecos,2026-07-25T01:00:32+00:00
kr_usdkrw,2017-03-06,1152.7,ecos,2026-07-25T01:00:32+00:00
kr_usdkrw,2017-03-07,1156.1,ecos,2026-07-25T01:00:32+00:00
kr_usdkrw,2017-03-08,1151.2,ecos,2026-07-25T01:00:32+00:00
kr_usdkrw,2017-03-09,1146.6,ecos,2026-07-25T01:00:32+00:00
kr_usdkrw,2017-03-10,1156.1,ecos,2026-07-25T01:00:32+00:00
kr_usdkrw,2017-03-13,1158.2,ecos,2026-07-25T01:00:32+00:00
kr_usdkrw,2017-03-14,1147.7,ecos,2026-07-25T01:00:32+00:00
kr_usdkrw,2017-03-15,1147.3,ecos,2026-07-25T01:00:32+00:00
kr_usdkrw,2017-03-16,1146.3,ecos,2026-07-25T01:00:32+00:00
kr_usdkrw,2017-03-17,1131.7,ecos,2026-07-25T01:00:32+00:00
kr_usdkrw,2017-03-20,1131.4,ecos,2026-07-25T01:00:32+00:00
kr_usdkrw,2017-03-21,1124.5,ecos,2026-07-25T01:00:32+00:00
kr_usdkrw,2017-03-22,1117.5,ecos,2026-07-25T01:00:32+00:00
kr_usdkrw,2017-03-23,1123.8,ecos,2026-07-25T01:00:32+00:00
kr_usdkrw,2017-03-24,1120,ecos,2026-07-25T01:00:32+00:00
kr_usdkrw,2017-03-27,1122.7,ecos,2026-07-25T01:00:32+00:00
kr_usdkrw,2017-03-28,1114.2,ecos,2026-07-25T01:00:32+00:00
kr_usdkrw,2017-03-29,1112.5,ecos,2026-07-25T01:00:32+00:00
kr_usdkrw,2017-03-30,1114,ecos,2026-07-25T01:00:32+00:00
kr_usdkrw,2017-03-31,1116.1,ecos,2026-07-25T01:00:32+00:00
kr_usdkrw,2017-04-03,1119.3,ecos,2026-07-25T01:00:32+00:00
kr_usdkrw,2017-04-04,1113.8,ecos,2026-07-25T01:00:32+00:00
kr_usdkrw,2017-04-05,1118.9,ecos,2026-07-25T01:00:32+00:00
kr_usdkrw,2017-04-06,1124,ecos,2026-07-25T01:00:32+00:00
kr_usdkrw,2017-04-07,1131,ecos,2026-07-25T01:00:32+00:00
kr_usdkrw,2017-04-10,1134.6,ecos,2026-07-25T01:00:32+00:00
kr_usdkrw,2017-04-11,1141.6,ecos,2026-07-25T01:00:32+00:00
kr_usdkrw,2017-04-12,1145.8,ecos,2026-07-25T01:00:32+00:00
kr_usdkrw,2017-04-13,1145.2,ecos,2026-07-25T01:00:32+00:00
kr_usdkrw,2017-04-14,1131.9,ecos,2026-07-25T01:00:32+00:00
kr_usdkrw,2017-04-17,1138.8,ecos,2026-07-25T01:00:32+00:00
kr_usdkrw,2017-04-18,1136.5,ecos,2026-07-25T01:00:32+00:00
kr_usdkrw,2017-04-19,1137.9,ecos,2026-07-25T01:00:32+00:00
kr_usdkrw,2017-04-20,1139.8,ecos,2026-07-25T01:00:32+00:00
kr_usdkrw,2017-04-21,1141.4,ecos,2026-07-25T01:00:32+00:00
kr_usdkrw,2017-04-24,1136.6,ecos,2026-07-25T01:00:32+00:00
kr_usdkrw,2017-04-25,1131.7,ecos,2026-07-25T01:00:32+00:00
kr_usdkrw,2017-04-26,1130.5,ecos,2026-07-25T01:00:32+00:00
kr_usdkrw,2017-04-27,1125.1,ecos,2026-07-25T01:00:32+00:00
kr_usdkrw,2017-04-28,1130.1,ecos,2026-07-25T01:00:32+00:00
kr_usdkrw,2017-05-02,1133.4,ecos,2026-07-25T01:00:32+00:00
kr_usdkrw,2017-05-04,1130.7,ecos,2026-07-25T01:00:32+00:00
kr_usdkrw,2017-05-08,1132.1,ecos,2026-07-25T01:00:32+00:00
kr_usdkrw,2017-05-10,1132.4,ecos,2026-07-25T01:00:32+00:00
kr_usdkrw,2017-05-11,1134.5,ecos,2026-07-25T01:00:32+00:00
kr_usdkrw,2017-05-12,1130.4,ecos,2026-07-25T01:00:32+00:00
kr_usdkrw,2017-05-15,1126.8,ecos,2026-07-25T01:00:32+00:00
kr_usdkrw,2017-05-16,1125.4,ecos,2026-07-25T01:00:32+00:00
kr_usdkrw,2017-05-17,1117.7,ecos,2026-07-25T01:00:32+00:00
kr_usdkrw,2017-05-18,1118.4,ecos,2026-07-25T01:00:32+00:00
kr_usdkrw,2017-05-19,1125.2,ecos,2026-07-25T01:00:32+00:00
kr_usdkrw,2017-05-22,1127.5,ecos,2026-07-25T01:00:32+00:00
kr_usdkrw,2017-05-23,1117.1,ecos,2026-07-25T01:00:32+00:00
kr_usdkrw,2017-05-24,1120.6,ecos,2026-07-25T01:00:32+00:00
kr_usdkrw,2017-05-25,1126.6,ecos,2026-07-25T01:00:32+00:00
kr_usdkrw,2017-05-26,1118,ecos,2026-07-25T01:00:32+00:00
kr_usdkrw,2017-05-29,1119.5,ecos,2026-07-25T01:00:32+00:00
kr_usdkrw,2017-05-30,1120.1,ecos,2026-07-25T01:00:32+00:00
kr_usdkrw,2017-05-31,1123.9,ecos,2026-07-25T01:00:32+00:00
kr_usdkrw,2017-06-01,1121.8,ecos,2026-07-25T01:00:32+00:00
kr_usdkrw,2017-06-02,1120.4,ecos,2026-07-25T01:00:32+00:00
kr_usdkrw,2017-06-05,1120.9,ecos,2026-07-25T01:00:32+00:00
kr_usdkrw,2017-06-07,1118.4,ecos,2026-07-25T01:00:32+00:00
kr_usdkrw,2017-06-08,1122,ecos,2026-07-25T01:00:32+00:00
kr_usdkrw,2017-06-09,1125,ecos,2026-07-25T01:00:32+00:00
kr_usdkrw,2017-06-12,1121.6,ecos,2026-07-25T01:00:32+00:00
kr_usdkrw,2017-06-13,1126,ecos,2026-07-25T01:00:32+00:00
kr_usdkrw,2017-06-14,1128.9,ecos,2026-07-25T01:00:32+00:00
kr_usdkrw,2017-06-15,1125.6,ecos,2026-07-25T01:00:32+00:00
kr_usdkrw,2017-06-16,1122.8,ecos,2026-07-25T01:00:32+00:00
kr_usdkrw,2017-06-19,1133,ecos,2026-07-25T01:00:32+00:00
kr_usdkrw,2017-06-20,1131.4,ecos,2026-07-25T01:00:32+00:00
kr_usdkrw,2017-06-21,1137,ecos,2026-07-25T01:00:32+00:00
kr_usdkrw,2017-06-22,1142.2,ecos,2026-07-25T01:00:32+00:00
kr_usdkrw,2017-06-23,1140.8,ecos,2026-07-25T01:00:32+00:00
kr_usdkrw,2017-06-26,1140.1,ecos,2026-07-25T01:00:32+00:00
kr_usdkrw,2017-06-27,1135.2,ecos,2026-07-25T01:00:32+00:00
kr_usdkrw,2017-06-28,1136.4,ecos,2026-07-25T01:00:32+00:00
kr_usdkrw,2017-06-29,1141.7,ecos,2026-07-25T01:00:32+00:00
kr_usdkrw,2017-06-30,1139.6,ecos,2026-07-25T01:00:32+00:00
kr_usdkrw,2017-07-03,1144,ecos,2026-07-25T01:00:32+00:00
kr_usdkrw,2017-07-04,1145,ecos,2026-07-25T01:00:32+00:00
kr_usdkrw,2017-07-05,1149.3,ecos,2026-07-25T01:00:32+00:00
kr_usdkrw,2017-07-06,1149.3,ecos,2026-07-25T01:00:32+00:00
kr_usdkrw,2017-07-07,1153.5,ecos,2026-07-25T01:00:32+00:00
kr_usdkrw,2017-07-10,1155.8,ecos,2026-07-25T01:00:32+00:00
kr_usdkrw,2017-07-11,1149.9,ecos,2026-07-25T01:00:32+00:00
kr_usdkrw,2017-07-12,1150.1,ecos,2026-07-25T01:00:32+00:00
kr_usdkrw,2017-07-13,1145.6,ecos,2026-07-25T01:00:32+00:00
kr_usdkrw,2017-07-14,1137.5,ecos,2026-07-25T01:00:32+00:00
kr_usdkrw,2017-07-17,1136,ecos,2026-07-25T01:00:32+00:00
kr_usdkrw,2017-07-18,1128.2,ecos,2026-07-25T01:00:32+00:00
kr_usdkrw,2017-07-19,1126.3,ecos,2026-07-25T01:00:32+00:00
kr_usdkrw,2017-07-20,1121.8,ecos,2026-07-25T01:00:32+00:00
kr_usdkrw,2017-07-21,1124.9,ecos,2026-07-25T01:00:32+00:00
kr_usdkrw,2017-07-24,1121.2,ecos,2026-07-25T01:00:32+00:00
kr_usdkrw,2017-07-25,1116.1,ecos,2026-07-25T01:00:32+00:00
kr_usdkrw,2017-07-26,1116.1,ecos,2026-07-25T01:00:32+00:00
kr_usdkrw,2017-07-27,1120.3,ecos,2026-07-25T01:00:32+00:00
kr_usdkrw,2017-07-28,1112.5,ecos,2026-07-25T01:00:32+00:00
kr_usdkrw,2017-07-31,1119.1,ecos,2026-07-25T01:00:32+00:00
kr_usdkrw,2017-08-01,1121.9,ecos,2026-07-25T01:00:32+00:00
kr_usdkrw,2017-08-02,1118,ecos,2026-07-25T01:00:32+00:00
kr_usdkrw,2017-08-03,1123.2,ecos,2026-07-25T01:00:32+00:00
kr_usdkrw,2017-08-04,1127.6,ecos,2026-07-25T01:00:32+00:00
kr_usdkrw,2017-08-07,1125.4,ecos,2026-07-25T01:00:32+00:00
kr_usdkrw,2017-08-08,1127.3,ecos,2026-07-25T01:00:32+00:00
kr_usdkrw,2017-08-09,1125.4,ecos,2026-07-25T01:00:32+00:00
kr_usdkrw,2017-08-10,1134.7,ecos,2026-07-25T01:00:32+00:00
kr_usdkrw,2017-08-11,1141.1,ecos,2026-07-25T01:00:32+00:00
kr_usdkrw,2017-08-14,1146.3,ecos,2026-07-25T01:00:32+00:00
kr_usdkrw,2017-08-16,1138.2,ecos,2026-07-25T01:00:32+00:00
kr_usdkrw,2017-08-17,1139.6,ecos,2026-07-25T01:00:32+00:00
kr_usdkrw,2017-08-18,1135.9,ecos,2026-07-25T01:00:32+00:00
kr_usdkrw,2017-08-21,1142,ecos,2026-07-25T01:00:32+00:00
kr_usdkrw,2017-08-22,1138.3,ecos,2026-07-25T01:00:32+00:00
kr_usdkrw,2017-08-23,1135.6,ecos,2026-07-25T01:00:32+00:00
kr_usdkrw,2017-08-24,1130.9,ecos,2026-07-25T01:00:32+00:00
kr_usdkrw,2017-08-25,1127.3,ecos,2026-07-25T01:00:32+00:00
kr_usdkrw,2017-08-28,1129.2,ecos,2026-07-25T01:00:32+00:00
kr_usdkrw,2017-08-29,1120.4,ecos,2026-07-25T01:00:32+00:00
kr_usdkrw,2017-08-30,1126.2,ecos,2026-07-25T01:00:32+00:00
kr_usdkrw,2017-08-31,1122.8,ecos,2026-07-25T01:00:32+00:00
kr_usdkrw,2017-09-01,1125.8,ecos,2026-07-25T01:00:32+00:00
kr_usdkrw,2017-09-04,1122.7,ecos,2026-07-25T01:00:32+00:00
kr_usdkrw,2017-09-05,1131.5,ecos,2026-07-25T01:00:32+00:00
kr_usdkrw,2017-09-06,1131.3,ecos,2026-07-25T01:00:32+00:00
kr_usdkrw,2017-09-07,1133.7,ecos,2026-07-25T01:00:32+00:00
kr_usdkrw,2017-09-08,1129.6,ecos,2026-07-25T01:00:32+00:00
kr_usdkrw,2017-09-11,1126.8,ecos,2026-07-25T01:00:32+00:00
kr_usdkrw,2017-09-12,1129.5,ecos,2026-07-25T01:00:32+00:00
kr_usdkrw,2017-09-13,1129.8,ecos,2026-07-25T01:00:32+00:00
kr_usdkrw,2017-09-14,1127.5,ecos,2026-07-25T01:00:32+00:00
kr_usdkrw,2017-09-15,1132.5,ecos,2026-07-25T01:00:32+00:00
kr_usdkrw,2017-09-18,1133.5,ecos,2026-07-25T01:00:32+00:00
kr_usdkrw,2017-09-19,1127.9,ecos,2026-07-25T01:00:32+00:00
kr_usdkrw,2017-09-20,1130,ecos,2026-07-25T01:00:32+00:00
kr_usdkrw,2017-09-21,1129.1,ecos,2026-07-25T01:00:32+00:00
kr_usdkrw,2017-09-22,1132.8,ecos,2026-07-25T01:00:32+00:00
kr_usdkrw,2017-09-25,1136.3,ecos,2026-07-25T01:00:32+00:00
kr_usdkrw,2017-09-26,1130.7,ecos,2026-07-25T01:00:32+00:00
kr_usdkrw,2017-09-27,1136.3,ecos,2026-07-25T01:00:32+00:00
kr_usdkrw,2017-09-28,1139.4,ecos,2026-07-25T01:00:32+00:00
kr_usdkrw,2017-09-29,1146.7,ecos,2026-07-25T01:00:32+00:00
kr_usdkrw,2017-10-10,1145.7,ecos,2026-07-25T01:00:32+00:00
kr_usdkrw,2017-10-11,1138.2,ecos,2026-07-25T01:00:32+00:00
kr_usdkrw,2017-10-12,1135.2,ecos,2026-07-25T01:00:32+00:00
kr_usdkrw,2017-10-13,1133.7,ecos,2026-07-25T01:00:32+00:00
kr_usdkrw,2017-10-16,1130.8,ecos,2026-07-25T01:00:32+00:00
kr_usdkrw,2017-10-17,1127.3,ecos,2026-07-25T01:00:32+00:00
kr_usdkrw,2017-10-18,1131.4,ecos,2026-07-25T01:00:32+00:00
kr_usdkrw,2017-10-19,1130.4,ecos,2026-07-25T01:00:32+00:00
kr_usdkrw,2017-10-20,1132.3,ecos,2026-07-25T01:00:32+00:00
kr_usdkrw,2017-10-23,1131.9,ecos,2026-07-25T01:00:32+00:00
kr_usdkrw,2017-10-24,1131.9,ecos,2026-07-25T01:00:32+00:00
kr_usdkrw,2017-10-25,1128.3,ecos,2026-07-25T01:00:32+00:00
kr_usdkrw,2017-10-26,1128.3,ecos,2026-07-25T01:00:32+00:00
kr_usdkrw,2017-10-27,1124.7,ecos,2026-07-25T01:00:32+00:00
kr_usdkrw,2017-10-30,1130,ecos,2026-07-25T01:00:32+00:00
kr_usdkrw,2017-10-31,1125,ecos,2026-07-25T01:00:32+00:00
kr_usdkrw,2017-11-01,1121.2,ecos,2026-07-25T01:00:32+00:00
kr_usdkrw,2017-11-02,1116.8,ecos,2026-07-25T01:00:32+00:00
kr_usdkrw,2017-11-03,1113.3,ecos,2026-07-25T01:00:32+00:00
kr_usdkrw,2017-11-06,1112.7,ecos,2026-07-25T01:00:32+00:00
kr_usdkrw,2017-11-07,1116.7,ecos,2026-07-25T01:00:32+00:00
kr_usdkrw,2017-11-08,1111.6,ecos,2026-07-25T01:00:32+00:00
kr_usdkrw,2017-11-09,1114.3,ecos,2026-07-25T01:00:32+00:00
kr_usdkrw,2017-11-10,1114.3,ecos,2026-07-25T01:00:32+00:00
kr_usdkrw,2017-11-13,1117.2,ecos,2026-07-25T01:00:32+00:00
kr_usdkrw,2017-11-14,1120.7,ecos,2026-07-25T01:00:32+00:00
kr_usdkrw,2017-11-15,1118.5,ecos,2026-07-25T01:00:32+00:00
kr_usdkrw,2017-11-16,1114.4,ecos,2026-07-25T01:00:32+00:00
kr_usdkrw,2017-11-17,1104.1,ecos,2026-07-25T01:00:32+00:00
kr_usdkrw,2017-11-20,1096.1,ecos,2026-07-25T01:00:32+00:00
kr_usdkrw,2017-11-21,1098.9,ecos,2026-07-25T01:00:32+00:00
kr_usdkrw,2017-11-22,1097.3,ecos,2026-07-25T01:00:32+00:00
kr_usdkrw,2017-11-23,1091.3,ecos,2026-07-25T01:00:32+00:00
kr_usdkrw,2017-11-24,1088.2,ecos,2026-07-25T01:00:32+00:00
kr_usdkrw,2017-11-27,1085,ecos,2026-07-25T01:00:32+00:00
kr_usdkrw,2017-11-28,1087.6,ecos,2026-07-25T01:00:32+00:00
kr_usdkrw,2017-11-29,1088.3,ecos,2026-07-25T01:00:32+00:00
kr_usdkrw,2017-11-30,1082.4,ecos,2026-07-25T01:00:32+00:00
kr_usdkrw,2017-12-01,1085.1,ecos,2026-07-25T01:00:32+00:00
kr_usdkrw,2017-12-04,1087.1,ecos,2026-07-25T01:00:32+00:00
kr_usdkrw,2017-12-05,1088.3,ecos,2026-07-25T01:00:32+00:00
kr_usdkrw,2017-12-06,1084.3,ecos,2026-07-25T01:00:32+00:00
kr_usdkrw,2017-12-07,1091.9,ecos,2026-07-25T01:00:32+00:00
kr_usdkrw,2017-12-08,1092.7,ecos,2026-07-25T01:00:32+00:00
kr_usdkrw,2017-12-11,1093.4,ecos,2026-07-25T01:00:32+00:00
kr_usdkrw,2017-12-12,1092.4,ecos,2026-07-25T01:00:32+00:00
kr_usdkrw,2017-12-13,1090.1,ecos,2026-07-25T01:00:32+00:00
kr_usdkrw,2017-12-14,1091.9,ecos,2026-07-25T01:00:32+00:00
kr_usdkrw,2017-12-15,1086.7,ecos,2026-07-25T01:00:32+00:00
kr_usdkrw,2017-12-18,1089.3,ecos,2026-07-25T01:00:32+00:00
kr_usdkrw,2017-12-19,1089.1,ecos,2026-07-25T01:00:32+00:00
kr_usdkrw,2017-12-20,1086.8,ecos,2026-07-25T01:00:32+00:00
kr_usdkrw,2017-12-21,1082.9,ecos,2026-07-25T01:00:32+00:00
kr_usdkrw,2017-12-22,1080.6,ecos,2026-07-25T01:00:32+00:00
kr_usdkrw,2017-12-26,1079.2,ecos,2026-07-25T01:00:32+00:00
kr_usdkrw,2017-12-27,1077.1,ecos,2026-07-25T01:00:32+00:00
kr_usdkrw,2017-12-28,1075.2,ecos,2026-07-25T01:00:32+00:00
kr_usdkrw,2017-12-29,1071.4,ecos,2026-07-25T01:00:32+00:00
kr_usdkrw,2018-01-02,1071.4,ecos,2026-07-25T01:00:32+00:00
kr_usdkrw,2018-01-03,1064.3,ecos,2026-07-25T01:00:32+00:00
kr_usdkrw,2018-01-04,1065.4,ecos,2026-07-25T01:00:32+00:00
kr_usdkrw,2018-01-05,1065.5,ecos,2026-07-25T01:00:32+00:00
kr_usdkrw,2018-01-08,1062.1,ecos,2026-07-25T01:00:32+00:00
kr_usdkrw,2018-01-09,1065.2,ecos,2026-07-25T01:00:32+00:00
kr_usdkrw,2018-01-10,1067.1,ecos,2026-07-25T01:00:32+00:00
kr_usdkrw,2018-01-11,1070.7,ecos,2026-07-25T01:00:32+00:00
kr_usdkrw,2018-01-12,1071.2,ecos,2026-07-25T01:00:32+00:00
kr_usdkrw,2018-01-15,1064.7,ecos,2026-07-25T01:00:32+00:00
kr_usdkrw,2018-01-16,1061.3,ecos,2026-07-25T01:00:32+00:00
kr_usdkrw,2018-01-17,1064,ecos,2026-07-25T01:00:32+00:00
kr_usdkrw,2018-01-18,1065.8,ecos,2026-07-25T01:00:32+00:00
kr_usdkrw,2018-01-19,1069.4,ecos,2026-07-25T01:00:32+00:00
kr_usdkrw,2018-01-22,1067.3,ecos,2026-07-25T01:00:32+00:00
kr_usdkrw,2018-01-23,1068.9,ecos,2026-07-25T01:00:32+00:00
kr_usdkrw,2018-01-24,1069.7,ecos,2026-07-25T01:00:32+00:00
kr_usdkrw,2018-01-25,1070.6,ecos,2026-07-25T01:00:32+00:00
kr_usdkrw,2018-01-26,1061.7,ecos,2026-07-25T01:00:32+00:00
kr_usdkrw,2018-01-29,1064.8,ecos,2026-07-25T01:00:32+00:00
kr_usdkrw,2018-01-30,1064.8,ecos,2026-07-25T01:00:32+00:00
kr_usdkrw,2018-01-31,1071.5,ecos,2026-07-25T01:00:32+00:00
kr_usdkrw,2018-02-01,1071,ecos,2026-07-25T01:00:32+00:00
kr_usdkrw,2018-02-02,1071.1,ecos,2026-07-25T01:00:32+00:00
kr_usdkrw,2018-02-05,1076.7,ecos,2026-07-25T01:00:32+00:00
kr_usdkrw,2018-02-06,1089.8,ecos,2026-07-25T01:00:32+00:00
kr_usdkrw,2018-02-07,1094.3,ecos,2026-07-25T01:00:32+00:00
kr_usdkrw,2018-02-08,1083.3,ecos,2026-07-25T01:00:32+00:00
kr_usdkrw,2018-02-09,1087.8,ecos,2026-07-25T01:00:32+00:00
kr_usdkrw,2018-02-12,1092.7,ecos,2026-07-25T01:00:32+00:00
kr_usdkrw,2018-02-13,1083.4,ecos,2026-07-25T01:00:32+00:00
kr_usdkrw,2018-02-14,1082.8,ecos,2026-07-25T01:00:32+00:00
kr_usdkrw,2018-02-19,1079.9,ecos,2026-07-25T01:00:32+00:00
kr_usdkrw,2018-02-20,1068,ecos,2026-07-25T01:00:32+00:00
kr_usdkrw,2018-02-21,1070.3,ecos,2026-07-25T01:00:32+00:00
kr_usdkrw,2018-02-22,1075.3,ecos,2026-07-25T01:00:32+00:00
kr_usdkrw,2018-02-23,1082.9,ecos,2026-07-25T01:00:32+00:00
kr_usdkrw,2018-02-26,1078.5,ecos,2026-07-25T01:00:32+00:00
kr_usdkrw,2018-02-27,1073.7,ecos,2026-07-25T01:00:32+00:00
kr_usdkrw,2018-02-28,1071,ecos,2026-07-25T01:00:32+00:00
kr_usdkrw,2018-03-02,1081.9,ecos,2026-07-25T01:00:32+00:00
kr_usdkrw,2018-03-05,1081.3,ecos,2026-07-25T01:00:32+00:00
kr_usdkrw,2018-03-06,1080.5,ecos,2026-07-25T01:00:32+00:00
kr_usdkrw,2018-03-07,1075.4,ecos,2026-07-25T01:00:32+00:00
kr_usdkrw,2018-03-08,1068.7,ecos,2026-07-25T01:00:32+00:00
kr_usdkrw,2018-03-09,1068.4,ecos,2026-07-25T01:00:32+00:00
kr_usdkrw,2018-03-12,1069.2,ecos,2026-07-25T01:00:32+00:00
kr_usdkrw,2018-03-13,1064.3,ecos,2026-07-25T01:00:32+00:00
kr_usdkrw,2018-03-14,1065.8,ecos,2026-07-25T01:00:32+00:00
kr_usdkrw,2018-03-15,1065.8,ecos,2026-07-25T01:00:32+00:00
kr_usdkrw,2018-03-16,1065.8,ecos,2026-07-25T01:00:32+00:00
kr_usdkrw,2018-03-19,1069.6,ecos,2026-07-25T01:00:32+00:00
kr_usdkrw,2018-03-20,1071.2,ecos,2026-07-25T01:00:32+00:00
kr_usdkrw,2018-03-21,1071,ecos,2026-07-25T01:00:32+00:00
kr_usdkrw,2018-03-22,1071.4,ecos,2026-07-25T01:00:32+00:00
kr_usdkrw,2018-03-23,1069.2,ecos,2026-07-25T01:00:32+00:00
kr_usdkrw,2018-03-26,1080.8,ecos,2026-07-25T01:00:32+00:00
kr_usdkrw,2018-03-27,1081.2,ecos,2026-07-25T01:00:32+00:00
kr_usdkrw,2018-03-28,1072.2,ecos,2026-07-25T01:00:32+00:00
kr_usdkrw,2018-03-29,1069.4,ecos,2026-07-25T01:00:32+00:00
kr_usdkrw,2018-03-30,1066.5,ecos,2026-07-25T01:00:32+00:00
kr_usdkrw,2018-04-02,1064.4,ecos,2026-07-25T01:00:32+00:00
kr_usdkrw,2018-04-03,1058.1,ecos,2026-07-25T01:00:32+00:00
kr_usdkrw,2018-04-04,1057.8,ecos,2026-07-25T01:00:32+00:00
kr_usdkrw,2018-04-05,1057.6,ecos,2026-07-25T01:00:32+00:00
kr_usdkrw,2018-04-06,1059.5,ecos,2026-07-25T01:00:32+00:00
kr_usdkrw,2018-04-09,1066,ecos,2026-07-25T01:00:32+00:00
kr_usdkrw,2018-04-10,1067.5,ecos,2026-07-25T01:00:32+00:00
kr_usdkrw,2018-04-11,1067.7,ecos,2026-07-25T01:00:32+00:00
kr_usdkrw,2018-04-12,1066.4,ecos,2026-07-25T01:00:32+00:00
kr_usdkrw,2018-04-13,1068.7,ecos,2026-07-25T01:00:32+00:00
kr_usdkrw,2018-04-16,1070,ecos,2026-07-25T01:00:32+00:00
kr_usdkrw,2018-04-17,1073.1,ecos,2026-07-25T01:00:32+00:00
kr_usdkrw,2018-04-18,1068.4,ecos,2026-07-25T01:00:32+00:00
kr_usdkrw,2018-04-19,1066.5,ecos,2026-07-25T01:00:32+00:00
kr_usdkrw,2018-04-20,1063.5,ecos,2026-07-25T01:00:32+00:00
kr_usdkrw,2018-04-23,1067.3,ecos,2026-07-25T01:00:32+00:00
kr_usdkrw,2018-04-24,1068.9,ecos,2026-07-25T01:00:32+00:00
kr_usdkrw,2018-04-25,1076.9,ecos,2026-07-25T01:00:32+00:00
kr_usdkrw,2018-04-26,1078.7,ecos,2026-07-25T01:00:32+00:00
kr_usdkrw,2018-04-27,1079.7,ecos,2026-07-25T01:00:32+00:00
kr_usdkrw,2018-04-30,1076.2,ecos,2026-07-25T01:00:32+00:00
kr_usdkrw,2018-05-02,1067.5,ecos,2026-07-25T01:00:32+00:00
kr_usdkrw,2018-05-03,1074.9,ecos,2026-07-25T01:00:32+00:00
kr_usdkrw,2018-05-04,1076.5,ecos,2026-07-25T01:00:32+00:00
kr_usdkrw,2018-05-08,1076.7,ecos,2026-07-25T01:00:32+00:00
kr_usdkrw,2018-05-09,1078.2,ecos,2026-07-25T01:00:32+00:00
kr_usdkrw,2018-05-10,1081.3,ecos,2026-07-25T01:00:32+00:00
kr_usdkrw,2018-05-11,1075.3,ecos,2026-07-25T01:00:32+00:00
kr_usdkrw,2018-05-14,1068.6,ecos,2026-07-25T01:00:32+00:00
kr_usdkrw,2018-05-15,1066.6,ecos,2026-07-25T01:00:32+00:00
kr_usdkrw,2018-05-16,1072.6,ecos,2026-07-25T01:00:32+00:00
kr_usdkrw,2018-05-17,1078.7,ecos,2026-07-25T01:00:32+00:00
kr_usdkrw,2018-05-18,1079.3,ecos,2026-07-25T01:00:32+00:00
kr_usdkrw,2018-05-21,1080,ecos,2026-07-25T01:00:32+00:00
kr_usdkrw,2018-05-23,1083.8,ecos,2026-07-25T01:00:32+00:00
kr_usdkrw,2018-05-24,1078.8,ecos,2026-07-25T01:00:32+00:00
kr_usdkrw,2018-05-25,1079.7,ecos,2026-07-25T01:00:32+00:00
kr_usdkrw,2018-05-28,1078.7,ecos,2026-07-25T01:00:32+00:00
kr_usdkrw,2018-05-29,1073.2,ecos,2026-07-25T01:00:32+00:00
kr_usdkrw,2018-05-30,1076.1,ecos,2026-07-25T01:00:32+00:00
kr_usdkrw,2018-05-31,1081.3,ecos,2026-07-25T01:00:32+00:00
kr_usdkrw,2018-06-01,1076.4,ecos,2026-07-25T01:00:32+00:00
kr_usdkrw,2018-06-04,1076,ecos,2026-07-25T01:00:32+00:00
kr_usdkrw,2018-06-05,1070.9,ecos,2026-07-25T01:00:32+00:00
kr_usdkrw,2018-06-07,1069.6,ecos,2026-07-25T01:00:32+00:00
kr_usdkrw,2018-06-08,1067.9,ecos,2026-07-25T01:00:32+00:00
kr_usdkrw,2018-06-11,1073.2,ecos,2026-07-25T01:00:32+00:00
kr_usdkrw,2018-06-12,1073.5,ecos,2026-07-25T01:00:32+00:00
kr_usdkrw,2018-06-14,1075.1,ecos,2026-07-25T01:00:32+00:00
kr_usdkrw,2018-06-15,1082.5,ecos,2026-07-25T01:00:32+00:00
kr_usdkrw,2018-06-18,1091.4,ecos,2026-07-25T01:00:32+00:00
kr_usdkrw,2018-06-19,1104.4,ecos,2026-07-25T01:00:32+00:00
kr_usdkrw,2018-06-20,1105.5,ecos,2026-07-25T01:00:32+00:00
kr_usdkrw,2018-06-21,1108,ecos,2026-07-25T01:00:32+00:00
kr_usdkrw,2018-06-22,1109,ecos,2026-07-25T01:00:32+00:00
kr_usdkrw,2018-06-25,1108.9,ecos,2026-07-25T01:00:32+00:00
kr_usdkrw,2018-06-26,1116.1,ecos,2026-07-25T01:00:32+00:00
kr_usdkrw,2018-06-27,1115.2,ecos,2026-07-25T01:00:32+00:00
kr_usdkrw,2018-06-28,1117.9,ecos,2026-07-25T01:00:32+00:00
kr_usdkrw,2018-06-29,1121.7,ecos,2026-07-25T01:00:32+00:00
kr_usdkrw,2018-07-02,1117.2,ecos,2026-07-25T01:00:32+00:00
kr_usdkrw,2018-07-03,1117.4,ecos,2026-07-25T01:00:32+00:00
kr_usdkrw,2018-07-04,1121.1,ecos,2026-07-25T01:00:32+00:00
kr_usdkrw,2018-07-05,1115.3,ecos,2026-07-25T01:00:32+00:00
kr_usdkrw,2018-07-06,1118.4,ecos,2026-07-25T01:00:32+00:00
kr_usdkrw,2018-07-09,1117.8,ecos,2026-07-25T01:00:32+00:00
kr_usdkrw,2018-07-10,1112.3,ecos,2026-07-25T01:00:32+00:00
kr_usdkrw,2018-07-11,1113.8,ecos,2026-07-25T01:00:32+00:00
kr_usdkrw,2018-07-12,1120.8,ecos,2026-07-25T01:00:32+00:00
kr_usdkrw,2018-07-13,1127.8,ecos,2026-07-25T01:00:32+00:00
kr_usdkrw,2018-07-16,1123.4,ecos,2026-07-25T01:00:32+00:00
kr_usdkrw,2018-07-17,1128.7,ecos,2026-07-25T01:00:32+00:00
kr_usdkrw,2018-07-18,1125.2,ecos,2026-07-25T01:00:32+00:00
kr_usdkrw,2018-07-19,1128.9,ecos,2026-07-25T01:00:32+00:00
kr_usdkrw,2018-07-20,1131.2,ecos,2026-07-25T01:00:32+00:00
kr_usdkrw,2018-07-23,1134.8,ecos,2026-07-25T01:00:32+00:00
kr_usdkrw,2018-07-24,1128.5,ecos,2026-07-25T01:00:32+00:00
kr_usdkrw,2018-07-25,1135.2,ecos,2026-07-25T01:00:32+00:00
kr_usdkrw,2018-07-26,1127.5,ecos,2026-07-25T01:00:32+00:00
kr_usdkrw,2018-07-27,1119.6,ecos,2026-07-25T01:00:32+00:00
kr_usdkrw,2018-07-30,1120,ecos,2026-07-25T01:00:32+00:00
kr_usdkrw,2018-07-31,1116.7,ecos,2026-07-25T01:00:32+00:00
kr_usdkrw,2018-08-01,1117.9,ecos,2026-07-25T01:00:32+00:00
kr_usdkrw,2018-08-02,1119.3,ecos,2026-07-25T01:00:32+00:00
kr_usdkrw,2018-08-03,1122.6,ecos,2026-07-25T01:00:32+00:00
kr_usdkrw,2018-08-06,1128.1,ecos,2026-07-25T01:00:32+00:00
kr_usdkrw,2018-08-07,1123.5,ecos,2026-07-25T01:00:32+00:00
kr_usdkrw,2018-08-08,1125.7,ecos,2026-07-25T01:00:32+00:00
kr_usdkrw,2018-08-09,1118.8,ecos,2026-07-25T01:00:32+00:00
kr_usdkrw,2018-08-10,1117.9,ecos,2026-07-25T01:00:32+00:00
kr_usdkrw,2018-08-13,1126.3,ecos,2026-07-25T01:00:32+00:00
kr_usdkrw,2018-08-14,1133.7,ecos,2026-07-25T01:00:32+00:00
kr_usdkrw,2018-08-16,1132.1,ecos,2026-07-25T01:00:32+00:00
kr_usdkrw,2018-08-17,1130.7,ecos,2026-07-25T01:00:32+00:00
kr_usdkrw,2018-08-20,1125.6,ecos,2026-07-25T01:00:32+00:00
kr_usdkrw,2018-08-21,1121.7,ecos,2026-07-25T01:00:32+00:00
kr_usdkrw,2018-08-22,1118.2,ecos,2026-07-25T01:00:32+00:00
kr_usdkrw,2018-08-23,1118.7,ecos,2026-07-25T01:00:32+00:00
kr_usdkrw,2018-08-24,1120.8,ecos,2026-07-25T01:00:32+00:00
kr_usdkrw,2018-08-27,1121.8,ecos,2026-07-25T01:00:32+00:00
kr_usdkrw,2018-08-28,1114.3,ecos,2026-07-25T01:00:32+00:00
kr_usdkrw,2018-08-29,1110,ecos,2026-07-25T01:00:32+00:00
kr_usdkrw,2018-08-30,1108.8,ecos,2026-07-25T01:00:32+00:00
kr_usdkrw,2018-08-31,1108.8,ecos,2026-07-25T01:00:32+00:00
kr_usdkrw,2018-09-03,1113.3,ecos,2026-07-25T01:00:32+00:00
kr_usdkrw,2018-09-04,1113.5,ecos,2026-07-25T01:00:32+00:00
kr_usdkrw,2018-09-05,1114.2,ecos,2026-07-25T01:00:32+00:00
kr_usdkrw,2018-09-06,1117.6,ecos,2026-07-25T01:00:32+00:00
kr_usdkrw,2018-09-07,1121.2,ecos,2026-07-25T01:00:32+00:00
kr_usdkrw,2018-09-10,1123.1,ecos,2026-07-25T01:00:32+00:00
kr_usdkrw,2018-09-11,1128.1,ecos,2026-07-25T01:00:32+00:00
kr_usdkrw,2018-09-12,1126.8,ecos,2026-07-25T01:00:32+00:00
kr_usdkrw,2018-09-13,1127.3,ecos,2026-07-25T01:00:32+00:00
kr_usdkrw,2018-09-14,1121.2,ecos,2026-07-25T01:00:32+00:00
kr_usdkrw,2018-09-17,1119.2,ecos,2026-07-25T01:00:32+00:00
kr_usdkrw,2018-09-18,1126.2,ecos,2026-07-25T01:00:32+00:00
kr_usdkrw,2018-09-19,1126.3,ecos,2026-07-25T01:00:32+00:00
kr_usdkrw,2018-09-20,1123,ecos,2026-07-25T01:00:32+00:00
kr_usdkrw,2018-09-21,1119.9,ecos,2026-07-25T01:00:32+00:00
kr_usdkrw,2018-09-27,1116.6,ecos,2026-07-25T01:00:32+00:00
kr_usdkrw,2018-09-28,1112.7,ecos,2026-07-25T01:00:32+00:00
kr_usdkrw,2018-10-01,1110.2,ecos,2026-07-25T01:00:32+00:00
kr_usdkrw,2018-10-02,1110.9,ecos,2026-07-25T01:00:32+00:00
kr_usdkrw,2018-10-04,1116.4,ecos,2026-07-25T01:00:32+00:00
kr_usdkrw,2018-10-05,1128.3,ecos,2026-07-25T01:00:32+00:00
kr_usdkrw,2018-10-08,1130.7,ecos,2026-07-25T01:00:32+00:00
kr_usdkrw,2018-10-10,1131.7,ecos,2026-07-25T01:00:32+00:00
kr_usdkrw,2018-10-11,1132.5,ecos,2026-07-25T01:00:32+00:00
kr_usdkrw,2018-10-12,1142.5,ecos,2026-07-25T01:00:32+00:00
kr_usdkrw,2018-10-15,1133.3,ecos,2026-07-25T01:00:32+00:00
kr_usdkrw,2018-10-16,1133.4,ecos,2026-07-25T01:00:32+00:00
kr_usdkrw,2018-10-17,1128.1,ecos,2026-07-25T01:00:32+00:00
kr_usdkrw,2018-10-18,1125,ecos,2026-07-25T01:00:32+00:00
kr_usdkrw,2018-10-19,1132.6,ecos,2026-07-25T01:00:32+00:00
kr_usdkrw,2018-10-22,1134.3,ecos,2026-07-25T01:00:32+00:00
kr_usdkrw,2018-10-23,1130.9,ecos,2026-07-25T01:00:32+00:00
kr_usdkrw,2018-10-24,1135.8,ecos,2026-07-25T01:00:32+00:00
kr_usdkrw,2018-10-25,1132.2,ecos,2026-07-25T01:00:32+00:00
kr_usdkrw,2018-10-26,1138.5,ecos,2026-07-25T01:00:32+00:00
kr_usdkrw,2018-10-29,1140.6,ecos,2026-07-25T01:00:32+00:00
kr_usdkrw,2018-10-30,1138.6,ecos,2026-07-25T01:00:32+00:00
kr_usdkrw,2018-10-31,1140.6,ecos,2026-07-25T01:00:32+00:00
kr_usdkrw,2018-11-01,1139.2,ecos,2026-07-25T01:00:32+00:00
kr_usdkrw,2018-11-02,1138.8,ecos,2026-07-25T01:00:32+00:00
kr_usdkrw,2018-11-05,1125.5,ecos,2026-07-25T01:00:32+00:00
kr_usdkrw,2018-11-06,1122.7,ecos,2026-07-25T01:00:32+00:00
kr_usdkrw,2018-11-07,1122.5,ecos,2026-07-25T01:00:32+00:00
kr_usdkrw,2018-11-08,1120.9,ecos,2026-07-25T01:00:32+00:00
kr_usdkrw,2018-11-09,1118.4,ecos,2026-07-25T01:00:32+00:00
kr_usdkrw,2018-11-12,1125.7,ecos,2026-07-25T01:00:32+00:00
kr_usdkrw,2018-11-13,1132,ecos,2026-07-25T01:00:32+00:00
kr_usdkrw,2018-11-14,1135.7,ecos,2026-07-25T01:00:32+00:00
kr_usdkrw,2018-11-15,1132.4,ecos,2026-07-25T01:00:32+00:00
kr_usdkrw,2018-11-16,1130.3,ecos,2026-07-25T01:00:32+00:00
kr_usdkrw,2018-11-19,1128.7,ecos,2026-07-25T01:00:32+00:00
kr_usdkrw,2018-11-20,1127.4,ecos,2026-07-25T01:00:32+00:00
kr_usdkrw,2018-11-21,1127.5,ecos,2026-07-25T01:00:32+00:00
kr_usdkrw,2018-11-22,1131.3,ecos,2026-07-25T01:00:32+00:00
kr_usdkrw,2018-11-23,1129,ecos,2026-07-25T01:00:32+00:00
kr_usdkrw,2018-11-26,1130.5,ecos,2026-07-25T01:00:32+00:00
kr_usdkrw,2018-11-27,1129.9,ecos,2026-07-25T01:00:32+00:00
kr_usdkrw,2018-11-28,1129.7,ecos,2026-07-25T01:00:32+00:00
kr_usdkrw,2018-11-29,1128.9,ecos,2026-07-25T01:00:32+00:00
kr_usdkrw,2018-11-30,1121.8,ecos,2026-07-25T01:00:32+00:00
kr_usdkrw,2018-12-03,1120.3,ecos,2026-07-25T01:00:32+00:00
kr_usdkrw,2018-12-04,1113.7,ecos,2026-07-25T01:00:32+00:00
kr_usdkrw,2018-12-05,1109.8,ecos,2026-07-25T01:00:32+00:00
kr_usdkrw,2018-12-06,1113.6,ecos,2026-07-25T01:00:32+00:00
kr_usdkrw,2018-12-07,1117.8,ecos,2026-07-25T01:00:32+00:00
kr_usdkrw,2018-12-10,1118.2,ecos,2026-07-25T01:00:32+00:00
kr_usdkrw,2018-12-11,1124.7,ecos,2026-07-25T01:00:32+00:00
kr_usdkrw,2018-12-12,1129.4,ecos,2026-07-25T01:00:32+00:00
kr_usdkrw,2018-12-13,1127.6,ecos,2026-07-25T01:00:32+00:00
kr_usdkrw,2018-12-14,1124,ecos,2026-07-25T01:00:32+00:00
kr_usdkrw,2018-12-17,1129.2,ecos,2026-07-25T01:00:32+00:00
kr_usdkrw,2018-12-18,1131.6,ecos,2026-07-25T01:00:32+00:00
kr_usdkrw,2018-12-19,1129.9,ecos,2026-07-25T01:00:32+00:00
kr_usdkrw,2018-12-20,1125.1,ecos,2026-07-25T01:00:32+00:00
kr_usdkrw,2018-12-21,1128.9,ecos,2026-07-25T01:00:32+00:00
kr_usdkrw,2018-12-24,1123.9,ecos,2026-07-25T01:00:32+00:00
kr_usdkrw,2018-12-26,1125.2,ecos,2026-07-25T01:00:32+00:00
kr_usdkrw,2018-12-27,1125.6,ecos,2026-07-25T01:00:32+00:00
kr_usdkrw,2018-12-28,1121.3,ecos,2026-07-25T01:00:32+00:00
kr_usdkrw,2018-12-31,1118.1,ecos,2026-07-25T01:00:32+00:00
kr_usdkrw,2019-01-02,1118.1,ecos,2026-07-25T01:00:32+00:00
kr_usdkrw,2019-01-03,1119,ecos,2026-07-25T01:00:32+00:00
kr_usdkrw,2019-01-04,1127.5,ecos,2026-07-25T01:00:32+00:00
kr_usdkrw,2019-01-07,1125.2,ecos,2026-07-25T01:00:32+00:00
kr_usdkrw,2019-01-08,1118,ecos,2026-07-25T01:00:32+00:00
kr_usdkrw,2019-01-09,1121.7,ecos,2026-07-25T01:00:32+00:00
kr_usdkrw,2019-01-10,1121.6,ecos,2026-07-25T01:00:32+00:00
kr_usdkrw,2019-01-11,1118.9,ecos,2026-07-25T01:00:32+00:00
kr_usdkrw,2019-01-14,1117.6,ecos,2026-07-25T01:00:32+00:00
kr_usdkrw,2019-01-15,1121.4,ecos,2026-07-25T01:00:32+00:00
kr_usdkrw,2019-01-16,1120.1,ecos,2026-07-25T01:00:32+00:00
kr_usdkrw,2019-01-17,1122,ecos,2026-07-25T01:00:32+00:00
kr_usdkrw,2019-01-18,1121.4,ecos,2026-07-25T01:00:32+00:00
kr_usdkrw,2019-01-21,1121.3,ecos,2026-07-25T01:00:32+00:00
kr_usdkrw,2019-01-22,1126.5,ecos,2026-07-25T01:00:32+00:00
kr_usdkrw,2019-01-23,1130.2,ecos,2026-07-25T01:00:32+00:00
kr_usdkrw,2019-01-24,1128.2,ecos,2026-07-25T01:00:32+00:00
kr_usdkrw,2019-01-25,1128,ecos,2026-07-25T01:00:32+00:00
kr_usdkrw,2019-01-28,1125.1,ecos,2026-07-25T01:00:32+00:00
kr_usdkrw,2019-01-29,1116.9,ecos,2026-07-25T01:00:32+00:00
kr_usdkrw,2019-01-30,1118.1,ecos,2026-07-25T01:00:32+00:00
kr_usdkrw,2019-01-31,1117.2,ecos,2026-07-25T01:00:32+00:00
kr_usdkrw,2019-02-01,1111.6,ecos,2026-07-25T01:00:32+00:00
kr_usdkrw,2019-02-07,1116.8,ecos,2026-07-25T01:00:32+00:00
kr_usdkrw,2019-02-08,1123.4,ecos,2026-07-25T01:00:32+00:00
kr_usdkrw,2019-02-11,1124.5,ecos,2026-07-25T01:00:32+00:00
kr_usdkrw,2019-02-12,1124.5,ecos,2026-07-25T01:00:32+00:00
kr_usdkrw,2019-02-13,1124.6,ecos,2026-07-25T01:00:32+00:00
kr_usdkrw,2019-02-14,1121.7,ecos,2026-07-25T01:00:32+00:00
kr_usdkrw,2019-02-15,1125,ecos,2026-07-25T01:00:32+00:00
kr_usdkrw,2019-02-18,1127.7,ecos,2026-07-25T01:00:32+00:00
kr_usdkrw,2019-02-19,1124.7,ecos,2026-07-25T01:00:32+00:00
kr_usdkrw,2019-02-20,1127.5,ecos,2026-07-25T01:00:32+00:00
kr_usdkrw,2019-02-21,1122.6,ecos,2026-07-25T01:00:32+00:00
kr_usdkrw,2019-02-22,1124.4,ecos,2026-07-25T01:00:32+00:00
kr_usdkrw,2019-02-25,1125.7,ecos,2026-07-25T01:00:32+00:00
kr_usdkrw,2019-02-26,1120.8,ecos,2026-07-25T01:00:32+00:00
kr_usdkrw,2019-02-27,1118.3,ecos,2026-07-25T01:00:32+00:00
kr_usdkrw,2019-02-28,1117.8,ecos,2026-07-25T01:00:32+00:00
kr_usdkrw,2019-03-04,1119.9,ecos,2026-07-25T01:00:32+00:00
kr_usdkrw,2019-03-05,1125,ecos,2026-07-25T01:00:32+00:00
kr_usdkrw,2019-03-06,1125.8,ecos,2026-07-25T01:00:32+00:00
kr_usdkrw,2019-03-07,1127.8,ecos,2026-07-25T01:00:32+00:00
kr_usdkrw,2019-03-08,1128.3,ecos,2026-07-25T01:00:32+00:00
kr_usdkrw,2019-03-11,1134,ecos,2026-07-25T01:00:32+00:00
kr_usdkrw,2019-03-12,1134.5,ecos,2026-07-25T01:00:32+00:00
kr_usdkrw,2019-03-13,1128.7,ecos,2026-07-25T01:00:32+00:00
kr_usdkrw,2019-03-14,1131.5,ecos,2026-07-25T01:00:32+00:00
kr_usdkrw,2019-03-15,1132.7,ecos,2026-07-25T01:00:32+00:00
kr_usdkrw,2019-03-18,1136.1,ecos,2026-07-25T01:00:32+00:00
kr_usdkrw,2019-03-19,1133.7,ecos,2026-07-25T01:00:32+00:00
kr_usdkrw,2019-03-20,1130.9,ecos,2026-07-25T01:00:32+00:00
kr_usdkrw,2019-03-21,1130.4,ecos,2026-07-25T01:00:32+00:00
kr_usdkrw,2019-03-22,1125.8,ecos,2026-07-25T01:00:32+00:00
kr_usdkrw,2019-03-25,1129.8,ecos,2026-07-25T01:00:32+00:00
kr_usdkrw,2019-03-26,1134.9,ecos,2026-07-25T01:00:32+00:00
kr_usdkrw,2019-03-27,1132.1,ecos,2026-07-25T01:00:32+00:00
kr_usdkrw,2019-03-28,1134.7,ecos,2026-07-25T01:00:32+00:00
kr_usdkrw,2019-03-29,1137.8,ecos,2026-07-25T01:00:32+00:00
kr_usdkrw,2019-04-01,1136.1,ecos,2026-07-25T01:00:32+00:00
kr_usdkrw,2019-04-02,1132.7,ecos,2026-07-25T01:00:32+00:00
kr_usdkrw,2019-04-03,1135.8,ecos,2026-07-25T01:00:32+00:00
kr_usdkrw,2019-04-04,1134.9,ecos,2026-07-25T01:00:32+00:00
kr_usdkrw,2019-04-05,1135.5,ecos,2026-07-25T01:00:32+00:00
kr_usdkrw,2019-04-08,1136.4,ecos,2026-07-25T01:00:32+00:00
kr_usdkrw,2019-04-09,1141.4,ecos,2026-07-25T01:00:32+00:00
kr_usdkrw,2019-04-10,1142.8,ecos,2026-07-25T01:00:32+00:00
kr_usdkrw,2019-04-11,1141.2,ecos,2026-07-25T01:00:32+00:00
kr_usdkrw,2019-04-12,1139.2,ecos,2026-07-25T01:00:32+00:00
kr_usdkrw,2019-04-15,1140.5,ecos,2026-07-25T01:00:32+00:00
kr_usdkrw,2019-04-16,1133.9,ecos,2026-07-25T01:00:32+00:00
kr_usdkrw,2019-04-17,1135.7,ecos,2026-07-25T01:00:32+00:00
kr_usdkrw,2019-04-18,1136.1,ecos,2026-07-25T01:00:32+00:00
kr_usdkrw,2019-04-19,1136.2,ecos,2026-07-25T01:00:32+00:00
kr_usdkrw,2019-04-22,1137.1,ecos,2026-07-25T01:00:32+00:00
kr_usdkrw,2019-04-23,1140.8,ecos,2026-07-25T01:00:32+00:00
kr_usdkrw,2019-04-24,1141.1,ecos,2026-07-25T01:00:32+00:00
kr_usdkrw,2019-04-25,1146.9,ecos,2026-07-25T01:00:32+00:00
kr_usdkrw,2019-04-26,1158.7,ecos,2026-07-25T01:00:32+00:00
kr_usdkrw,2019-04-29,1159.7,ecos,2026-07-25T01:00:32+00:00
kr_usdkrw,2019-04-30,1158.2,ecos,2026-07-25T01:00:32+00:00
kr_usdkrw,2019-05-02,1163.8,ecos,2026-07-25T01:00:32+00:00
kr_usdkrw,2019-05-03,1163.9,ecos,2026-07-25T01:00:32+00:00
kr_usdkrw,2019-05-07,1169.4,ecos,2026-07-25T01:00:32+00:00
kr_usdkrw,2019-05-08,1169.8,ecos,2026-07-25T01:00:32+00:00
kr_usdkrw,2019-05-09,1169.9,ecos,2026-07-25T01:00:32+00:00
kr_usdkrw,2019-05-10,1175.8,ecos,2026-07-25T01:00:32+00:00
kr_usdkrw,2019-05-13,1178.1,ecos,2026-07-25T01:00:32+00:00
kr_usdkrw,2019-05-14,1183.1,ecos,2026-07-25T01:00:32+00:00
kr_usdkrw,2019-05-15,1187,ecos,2026-07-25T01:00:32+00:00
kr_usdkrw,2019-05-16,1189.4,ecos,2026-07-25T01:00:32+00:00
kr_usdkrw,2019-05-17,1189.8,ecos,2026-07-25T01:00:32+00:00
kr_usdkrw,2019-05-20,1192.7,ecos,2026-07-25T01:00:32+00:00
kr_usdkrw,2019-05-21,1192.9,ecos,2026-07-25T01:00:32+00:00
kr_usdkrw,2019-05-22,1193.3,ecos,2026-07-25T01:00:32+00:00
kr_usdkrw,2019-05-23,1194.6,ecos,2026-07-25T01:00:32+00:00
kr_usdkrw,2019-05-24,1191.2,ecos,2026-07-25T01:00:32+00:00
kr_usdkrw,2019-05-27,1189.6,ecos,2026-07-25T01:00:32+00:00
kr_usdkrw,2019-05-28,1184.1,ecos,2026-07-25T01:00:32+00:00
kr_usdkrw,2019-05-29,1187.6,ecos,2026-07-25T01:00:32+00:00
kr_usdkrw,2019-05-30,1193.1,ecos,2026-07-25T01:00:32+00:00
kr_usdkrw,2019-05-31,1190,ecos,2026-07-25T01:00:32+00:00
kr_usdkrw,2019-06-03,1191.2,ecos,2026-07-25T01:00:32+00:00
kr_usdkrw,2019-06-04,1183,ecos,2026-07-25T01:00:32+00:00
kr_usdkrw,2019-06-05,1181.5,ecos,2026-07-25T01:00:32+00:00
kr_usdkrw,2019-06-07,1179.8,ecos,2026-07-25T01:00:32+00:00
kr_usdkrw,2019-06-10,1179.5,ecos,2026-07-25T01:00:32+00:00
kr_usdkrw,2019-06-11,1184,ecos,2026-07-25T01:00:32+00:00
kr_usdkrw,2019-06-12,1181.7,ecos,2026-07-25T01:00:32+00:00
kr_usdkrw,2019-06-13,1181.7,ecos,2026-07-25T01:00:32+00:00
kr_usdkrw,2019-06-14,1184.7,ecos,2026-07-25T01:00:32+00:00
kr_usdkrw,2019-06-17,1184,ecos,2026-07-25T01:00:32+00:00
kr_usdkrw,2019-06-18,1186.3,ecos,2026-07-25T01:00:32+00:00
kr_usdkrw,2019-06-19,1185,ecos,2026-07-25T01:00:32+00:00
kr_usdkrw,2019-06-20,1177,ecos,2026-07-25T01:00:32+00:00
kr_usdkrw,2019-06-21,1167.7,ecos,2026-07-25T01:00:32+00:00
kr_usdkrw,2019-06-24,1162,ecos,2026-07-25T01:00:32+00:00
kr_usdkrw,2019-06-25,1157.9,ecos,2026-07-25T01:00:32+00:00
kr_usdkrw,2019-06-26,1154.7,ecos,2026-07-25T01:00:32+00:00
kr_usdkrw,2019-06-27,1158.2,ecos,2026-07-25T01:00:32+00:00
kr_usdkrw,2019-06-28,1156.8,ecos,2026-07-25T01:00:32+00:00
kr_usdkrw,2019-07-01,1156.4,ecos,2026-07-25T01:00:32+00:00
kr_usdkrw,2019-07-02,1155.4,ecos,2026-07-25T01:00:32+00:00
kr_usdkrw,2019-07-03,1164.8,ecos,2026-07-25T01:00:32+00:00
kr_usdkrw,2019-07-04,1170.4,ecos,2026-07-25T01:00:32+00:00
kr_usdkrw,2019-07-05,1169.2,ecos,2026-07-25T01:00:32+00:00
kr_usdkrw,2019-07-08,1170.4,ecos,2026-07-25T01:00:32+00:00
kr_usdkrw,2019-07-09,1178.5,ecos,2026-07-25T01:00:32+00:00
kr_usdkrw,2019-07-10,1179.9,ecos,2026-07-25T01:00:32+00:00
kr_usdkrw,2019-07-11,1181.4,ecos,2026-07-25T01:00:32+00:00
kr_usdkrw,2019-07-12,1173.8,ecos,2026-07-25T01:00:32+00:00
kr_usdkrw,2019-07-15,1177.3,ecos,2026-07-25T01:00:32+00:00
kr_usdkrw,2019-07-16,1179.2,ecos,2026-07-25T01:00:32+00:00
kr_usdkrw,2019-07-17,1178.5,ecos,2026-07-25T01:00:32+00:00
kr_usdkrw,2019-07-18,1180.4,ecos,2026-07-25T01:00:32+00:00
kr_usdkrw,2019-07-19,1179.5,ecos,2026-07-25T01:00:32+00:00
kr_usdkrw,2019-07-22,1173.4,ecos,2026-07-25T01:00:32+00:00
kr_usdkrw,2019-07-23,1177.6,ecos,2026-07-25T01:00:32+00:00
kr_usdkrw,2019-07-24,1178.4,ecos,2026-07-25T01:00:32+00:00
kr_usdkrw,2019-07-25,1178.2,ecos,2026-07-25T01:00:32+00:00
kr_usdkrw,2019-07-26,1179.8,ecos,2026-07-25T01:00:32+00:00
kr_usdkrw,2019-07-29,1184.2,ecos,2026-07-25T01:00:32+00:00
kr_usdkrw,2019-07-30,1183.4,ecos,2026-07-25T01:00:32+00:00
kr_usdkrw,2019-07-31,1182,ecos,2026-07-25T01:00:32+00:00
kr_usdkrw,2019-08-01,1181.9,ecos,2026-07-25T01:00:32+00:00
kr_usdkrw,2019-08-02,1188.5,ecos,2026-07-25T01:00:32+00:00
kr_usdkrw,2019-08-05,1194.8,ecos,2026-07-25T01:00:32+00:00
kr_usdkrw,2019-08-06,1211.8,ecos,2026-07-25T01:00:32+00:00
kr_usdkrw,2019-08-07,1214.3,ecos,2026-07-25T01:00:32+00:00
kr_usdkrw,2019-08-08,1214.5,ecos,2026-07-25T01:00:32+00:00
kr_usdkrw,2019-08-09,1211.3,ecos,2026-07-25T01:00:32+00:00
kr_usdkrw,2019-08-12,1209.7,ecos,2026-07-25T01:00:32+00:00
kr_usdkrw,2019-08-13,1215.6,ecos,2026-07-25T01:00:32+00:00
kr_usdkrw,2019-08-14,1218.9,ecos,2026-07-25T01:00:32+00:00
kr_usdkrw,2019-08-16,1211.7,ecos,2026-07-25T01:00:32+00:00
kr_usdkrw,2019-08-19,1213.3,ecos,2026-07-25T01:00:32+00:00
kr_usdkrw,2019-08-20,1210.7,ecos,2026-07-25T01:00:32+00:00
kr_usdkrw,2019-08-21,1210.2,ecos,2026-07-25T01:00:32+00:00
kr_usdkrw,2019-08-22,1204,ecos,2026-07-25T01:00:32+00:00
kr_usdkrw,2019-08-23,1205.1,ecos,2026-07-25T01:00:32+00:00
kr_usdkrw,2019-08-26,1212.2,ecos,2026-07-25T01:00:32+00:00
kr_usdkrw,2019-08-27,1218.2,ecos,2026-07-25T01:00:32+00:00
kr_usdkrw,2019-08-28,1213.1,ecos,2026-07-25T01:00:32+00:00
kr_usdkrw,2019-08-29,1213.5,ecos,2026-07-25T01:00:32+00:00
kr_usdkrw,2019-08-30,1215.2,ecos,2026-07-25T01:00:32+00:00
kr_usdkrw,2019-09-02,1209.6,ecos,2026-07-25T01:00:32+00:00
kr_usdkrw,2019-09-03,1211.9,ecos,2026-07-25T01:00:32+00:00
kr_usdkrw,2019-09-04,1215.2,ecos,2026-07-25T01:00:32+00:00
kr_usdkrw,2019-09-05,1209.7,ecos,2026-07-25T01:00:32+00:00
kr_usdkrw,2019-09-06,1199.6,ecos,2026-07-25T01:00:32+00:00
kr_usdkrw,2019-09-09,1196.9,ecos,2026-07-25T01:00:32+00:00
kr_usdkrw,2019-09-10,1192.4,ecos,2026-07-25T01:00:32+00:00
kr_usdkrw,2019-09-11,1191.9,ecos,2026-07-25T01:00:32+00:00
kr_usdkrw,2019-09-16,1191.4,ecos,2026-07-25T01:00:32+00:00
kr_usdkrw,2019-09-17,1184,ecos,2026-07-25T01:00:32+00:00
kr_usdkrw,2019-09-18,1188.3,ecos,2026-07-25T01:00:32+00:00
kr_usdkrw,2019-09-19,1190.5,ecos,2026-07-25T01:00:32+00:00
kr_usdkrw,2019-09-20,1195.1,ecos,2026-07-25T01:00:32+00:00
kr_usdkrw,2019-09-23,1191.1,ecos,2026-07-25T01:00:32+00:00
kr_usdkrw,2019-09-24,1193.1,ecos,2026-07-25T01:00:32+00:00
kr_usdkrw,2019-09-25,1194,ecos,2026-07-25T01:00:32+00:00
kr_usdkrw,2019-09-26,1198.3,ecos,2026-07-25T01:00:32+00:00
kr_usdkrw,2019-09-27,1199.1,ecos,2026-07-25T01:00:32+00:00
kr_usdkrw,2019-09-30,1201.3,ecos,2026-07-25T01:00:32+00:00
kr_usdkrw,2019-10-01,1199.2,ecos,2026-07-25T01:00:32+00:00
kr_usdkrw,2019-10-02,1198.2,ecos,2026-07-25T01:00:32+00:00
kr_usdkrw,2019-10-04,1203.7,ecos,2026-07-25T01:00:32+00:00
kr_usdkrw,2019-10-07,1197,ecos,2026-07-25T01:00:32+00:00
kr_usdkrw,2019-10-08,1196.5,ecos,2026-07-25T01:00:32+00:00
kr_usdkrw,2019-10-10,1194.7,ecos,2026-07-25T01:00:32+00:00
kr_usdkrw,2019-10-11,1196.1,ecos,2026-07-25T01:00:32+00:00
kr_usdkrw,2019-10-14,1189.3,ecos,2026-07-25T01:00:32+00:00
kr_usdkrw,2019-10-15,1183.7,ecos,2026-07-25T01:00:32+00:00
kr_usdkrw,2019-10-16,1184.1,ecos,2026-07-25T01:00:32+00:00
kr_usdkrw,2019-10-17,1187,ecos,2026-07-25T01:00:32+00:00
kr_usdkrw,2019-10-18,1186.6,ecos,2026-07-25T01:00:32+00:00
kr_usdkrw,2019-10-21,1180.5,ecos,2026-07-25T01:00:32+00:00
kr_usdkrw,2019-10-22,1175.4,ecos,2026-07-25T01:00:32+00:00
kr_usdkrw,2019-10-23,1171.4,ecos,2026-07-25T01:00:32+00:00
kr_usdkrw,2019-10-24,1173.7,ecos,2026-07-25T01:00:32+00:00
kr_usdkrw,2019-10-25,1171,ecos,2026-07-25T01:00:32+00:00
kr_usdkrw,2019-10-28,1174.2,ecos,2026-07-25T01:00:32+00:00
kr_usdkrw,2019-10-29,1169.6,ecos,2026-07-25T01:00:32+00:00
kr_usdkrw,2019-10-30,1166.5,ecos,2026-07-25T01:00:32+00:00
kr_usdkrw,2019-10-31,1168.4,ecos,2026-07-25T01:00:32+00:00
kr_usdkrw,2019-11-01,1161.7,ecos,2026-07-25T01:00:32+00:00
kr_usdkrw,2019-11-04,1167.6,ecos,2026-07-25T01:00:32+00:00
kr_usdkrw,2019-11-05,1160.4,ecos,2026-07-25T01:00:32+00:00
kr_usdkrw,2019-11-06,1160.1,ecos,2026-07-25T01:00:32+00:00
kr_usdkrw,2019-11-07,1157.5,ecos,2026-07-25T01:00:32+00:00
kr_usdkrw,2019-11-08,1160.6,ecos,2026-07-25T01:00:32+00:00
kr_usdkrw,2019-11-11,1156.1,ecos,2026-07-25T01:00:32+00:00
kr_usdkrw,2019-11-12,1161.3,ecos,2026-07-25T01:00:32+00:00
kr_usdkrw,2019-11-13,1163.5,ecos,2026-07-25T01:00:32+00:00
kr_usdkrw,2019-11-14,1167.6,ecos,2026-07-25T01:00:32+00:00
kr_usdkrw,2019-11-15,1170.4,ecos,2026-07-25T01:00:32+00:00
kr_usdkrw,2019-11-18,1166.3,ecos,2026-07-25T01:00:32+00:00
kr_usdkrw,2019-11-19,1164.5,ecos,2026-07-25T01:00:32+00:00
kr_usdkrw,2019-11-20,1168.6,ecos,2026-07-25T01:00:32+00:00
kr_usdkrw,2019-11-21,1170.1,ecos,2026-07-25T01:00:32+00:00
kr_usdkrw,2019-11-22,1176.5,ecos,2026-07-25T01:00:32+00:00
kr_usdkrw,2019-11-25,1177.8,ecos,2026-07-25T01:00:32+00:00
kr_usdkrw,2019-11-26,1176.2,ecos,2026-07-25T01:00:32+00:00
kr_usdkrw,2019-11-27,1174.4,ecos,2026-07-25T01:00:32+00:00
kr_usdkrw,2019-11-28,1176,ecos,2026-07-25T01:00:32+00:00
kr_usdkrw,2019-11-29,1179.3,ecos,2026-07-25T01:00:32+00:00
kr_usdkrw,2019-12-02,1180.3,ecos,2026-07-25T01:00:32+00:00
kr_usdkrw,2019-12-03,1180.4,ecos,2026-07-25T01:00:32+00:00
kr_usdkrw,2019-12-04,1186.2,ecos,2026-07-25T01:00:32+00:00
kr_usdkrw,2019-12-05,1193.7,ecos,2026-07-25T01:00:32+00:00
kr_usdkrw,2019-12-06,1190.2,ecos,2026-07-25T01:00:32+00:00
kr_usdkrw,2019-12-09,1189.7,ecos,2026-07-25T01:00:32+00:00
kr_usdkrw,2019-12-10,1189.3,ecos,2026-07-25T01:00:32+00:00
kr_usdkrw,2019-12-11,1192,ecos,2026-07-25T01:00:32+00:00
kr_usdkrw,2019-12-12,1193.3,ecos,2026-07-25T01:00:32+00:00
kr_usdkrw,2019-12-13,1188.6,ecos,2026-07-25T01:00:32+00:00
kr_usdkrw,2019-12-16,1171.7,ecos,2026-07-25T01:00:32+00:00
kr_usdkrw,2019-12-17,1172.9,ecos,2026-07-25T01:00:32+00:00
kr_usdkrw,2019-12-18,1166.7,ecos,2026-07-25T01:00:32+00:00
kr_usdkrw,2019-12-19,1165.3,ecos,2026-07-25T01:00:32+00:00
kr_usdkrw,2019-12-20,1164.5,ecos,2026-07-25T01:00:32+00:00
kr_usdkrw,2019-12-23,1162.6,ecos,2026-07-25T01:00:32+00:00
kr_usdkrw,2019-12-24,1161.7,ecos,2026-07-25T01:00:32+00:00
kr_usdkrw,2019-12-26,1163.7,ecos,2026-07-25T01:00:32+00:00
kr_usdkrw,2019-12-27,1161.2,ecos,2026-07-25T01:00:32+00:00
kr_usdkrw,2019-12-30,1160.9,ecos,2026-07-25T01:00:32+00:00
kr_usdkrw,2019-12-31,1157.8,ecos,2026-07-25T01:00:32+00:00
kr_usdkrw,2020-01-02,1157.8,ecos,2026-07-25T01:00:32+00:00
kr_usdkrw,2020-01-03,1156.9,ecos,2026-07-25T01:00:32+00:00
kr_usdkrw,2020-01-06,1162.7,ecos,2026-07-25T01:00:32+00:00
kr_usdkrw,2020-01-07,1169.6,ecos,2026-07-25T01:00:32+00:00
kr_usdkrw,2020-01-08,1165.3,ecos,2026-07-25T01:00:32+00:00
kr_usdkrw,2020-01-09,1174.1,ecos,2026-07-25T01:00:32+00:00
kr_usdkrw,2020-01-10,1160,ecos,2026-07-25T01:00:32+00:00
kr_usdkrw,2020-01-13,1161.1,ecos,2026-07-25T01:00:32+00:00
kr_usdkrw,2020-01-14,1155.7,ecos,2026-07-25T01:00:32+00:00
kr_usdkrw,2020-01-15,1153.1,ecos,2026-07-25T01:00:32+00:00
kr_usdkrw,2020-01-16,1158.8,ecos,2026-07-25T01:00:32+00:00
kr_usdkrw,2020-01-17,1159.6,ecos,2026-07-25T01:00:32+00:00
kr_usdkrw,2020-01-20,1158.8,ecos,2026-07-25T01:00:32+00:00
kr_usdkrw,2020-01-21,1158.8,ecos,2026-07-25T01:00:32+00:00
kr_usdkrw,2020-01-22,1164.7,ecos,2026-07-25T01:00:32+00:00
kr_usdkrw,2020-01-23,1165.1,ecos,2026-07-25T01:00:32+00:00
kr_usdkrw,2020-01-28,1167.2,ecos,2026-07-25T01:00:32+00:00
kr_usdkrw,2020-01-29,1176.7,ecos,2026-07-25T01:00:32+00:00
kr_usdkrw,2020-01-30,1176,ecos,2026-07-25T01:00:32+00:00
kr_usdkrw,2020-01-31,1183.5,ecos,2026-07-25T01:00:32+00:00
kr_usdkrw,2020-02-03,1187.8,ecos,2026-07-25T01:00:32+00:00
kr_usdkrw,2020-02-04,1196,ecos,2026-07-25T01:00:32+00:00
kr_usdkrw,2020-02-05,1189.4,ecos,2026-07-25T01:00:32+00:00
kr_usdkrw,2020-02-06,1188.5,ecos,2026-07-25T01:00:32+00:00
kr_usdkrw,2020-02-07,1181.4,ecos,2026-07-25T01:00:32+00:00
kr_usdkrw,2020-02-10,1187.2,ecos,2026-07-25T01:00:32+00:00
kr_usdkrw,2020-02-11,1189.8,ecos,2026-07-25T01:00:32+00:00
kr_usdkrw,2020-02-12,1184.1,ecos,2026-07-25T01:00:32+00:00
kr_usdkrw,2020-02-13,1179.8,ecos,2026-07-25T01:00:32+00:00
kr_usdkrw,2020-02-14,1181.5,ecos,2026-07-25T01:00:32+00:00
kr_usdkrw,2020-02-17,1183.5,ecos,2026-07-25T01:00:32+00:00
kr_usdkrw,2020-02-18,1182.2,ecos,2026-07-25T01:00:32+00:00
kr_usdkrw,2020-02-19,1188.1,ecos,2026-07-25T01:00:32+00:00
kr_usdkrw,2020-02-20,1190.8,ecos,2026-07-25T01:00:32+00:00
kr_usdkrw,2020-02-21,1197,ecos,2026-07-25T01:00:32+00:00
kr_usdkrw,2020-02-24,1205.6,ecos,2026-07-25T01:00:32+00:00
kr_usdkrw,2020-02-25,1217.7,ecos,2026-07-25T01:00:32+00:00
kr_usdkrw,2020-02-26,1212.7,ecos,2026-07-25T01:00:32+00:00
kr_usdkrw,2020-02-27,1216.8,ecos,2026-07-25T01:00:32+00:00
kr_usdkrw,2020-02-28,1215.9,ecos,2026-07-25T01:00:32+00:00
kr_usdkrw,2020-03-02,1215.3,ecos,2026-07-25T01:00:32+00:00
kr_usdkrw,2020-03-03,1200.3,ecos,2026-07-25T01:00:32+00:00
kr_usdkrw,2020-03-04,1191.4,ecos,2026-07-25T01:00:32+00:00
kr_usdkrw,2020-03-05,1186.4,ecos,2026-07-25T01:00:32+00:00
kr_usdkrw,2020-03-06,1185,ecos,2026-07-25T01:00:32+00:00
kr_usdkrw,2020-03-09,1191.4,ecos,2026-07-25T01:00:32+00:00
kr_usdkrw,2020-03-10,1201.4,ecos,2026-07-25T01:00:32+00:00
kr_usdkrw,2020-03-11,1196.7,ecos,2026-07-25T01:00:32+00:00
kr_usdkrw,2020-03-12,1192.8,ecos,2026-07-25T01:00:32+00:00
kr_usdkrw,2020-03-13,1202,ecos,2026-07-25T01:00:32+00:00
kr_usdkrw,2020-03-16,1222.2,ecos,2026-07-25T01:00:32+00:00
kr_usdkrw,2020-03-17,1219.6,ecos,2026-07-25T01:00:32+00:00
kr_usdkrw,2020-03-18,1241.2,ecos,2026-07-25T01:00:32+00:00
kr_usdkrw,2020-03-19,1237.8,ecos,2026-07-25T01:00:32+00:00
kr_usdkrw,2020-03-20,1280.1,ecos,2026-07-25T01:00:32+00:00
kr_usdkrw,2020-03-23,1254.1,ecos,2026-07-25T01:00:32+00:00
kr_usdkrw,2020-03-24,1274.6,ecos,2026-07-25T01:00:32+00:00
kr_usdkrw,2020-03-25,1256,ecos,2026-07-25T01:00:32+00:00
kr_usdkrw,2020-03-26,1230.7,ecos,2026-07-25T01:00:32+00:00
kr_usdkrw,2020-03-27,1227.9,ecos,2026-07-25T01:00:32+00:00
kr_usdkrw,2020-03-30,1212.4,ecos,2026-07-25T01:00:32+00:00
kr_usdkrw,2020-03-31,1222.6,ecos,2026-07-25T01:00:32+00:00
kr_usdkrw,2020-04-01,1220,ecos,2026-07-25T01:00:32+00:00
kr_usdkrw,2020-04-02,1222.2,ecos,2026-07-25T01:00:32+00:00
kr_usdkrw,2020-04-03,1237.6,ecos,2026-07-25T01:00:32+00:00
kr_usdkrw,2020-04-06,1229.8,ecos,2026-07-25T01:00:32+00:00
kr_usdkrw,2020-04-07,1233.4,ecos,2026-07-25T01:00:32+00:00
kr_usdkrw,2020-04-08,1222.4,ecos,2026-07-25T01:00:32+00:00
kr_usdkrw,2020-04-09,1219.7,ecos,2026-07-25T01:00:32+00:00
kr_usdkrw,2020-04-10,1216.4,ecos,2026-07-25T01:00:32+00:00
kr_usdkrw,2020-04-13,1212.3,ecos,2026-07-25T01:00:32+00:00
kr_usdkrw,2020-04-14,1218.7,ecos,2026-07-25T01:00:32+00:00
kr_usdkrw,2020-04-16,1216.7,ecos,2026-07-25T01:00:32+00:00
kr_usdkrw,2020-04-17,1227.5,ecos,2026-07-25T01:00:32+00:00
kr_usdkrw,2020-04-20,1219.3,ecos,2026-07-25T01:00:32+00:00
kr_usdkrw,2020-04-21,1218.7,ecos,2026-07-25T01:00:32+00:00
kr_usdkrw,2020-04-22,1231.3,ecos,2026-07-25T01:00:32+00:00
kr_usdkrw,2020-04-23,1235.2,ecos,2026-07-25T01:00:32+00:00
kr_usdkrw,2020-04-24,1232,ecos,2026-07-25T01:00:32+00:00
kr_usdkrw,2020-04-27,1235.8,ecos,2026-07-25T01:00:32+00:00
kr_usdkrw,2020-04-28,1230.3,ecos,2026-07-25T01:00:32+00:00
kr_usdkrw,2020-04-29,1225.2,ecos,2026-07-25T01:00:32+00:00
kr_usdkrw,2020-05-04,1218.5,ecos,2026-07-25T01:00:32+00:00
kr_usdkrw,2020-05-06,1227.8,ecos,2026-07-25T01:00:32+00:00
kr_usdkrw,2020-05-07,1223.3,ecos,2026-07-25T01:00:32+00:00
kr_usdkrw,2020-05-08,1226.5,ecos,2026-07-25T01:00:32+00:00
kr_usdkrw,2020-05-11,1217.7,ecos,2026-07-25T01:00:32+00:00
kr_usdkrw,2020-05-12,1217.8,ecos,2026-07-25T01:00:32+00:00
kr_usdkrw,2020-05-13,1226.7,ecos,2026-07-25T01:00:32+00:00
kr_usdkrw,2020-05-14,1226.3,ecos,2026-07-25T01:00:32+00:00
kr_usdkrw,2020-05-15,1227.9,ecos,2026-07-25T01:00:32+00:00
kr_usdkrw,2020-05-18,1229.3,ecos,2026-07-25T01:00:32+00:00
kr_usdkrw,2020-05-19,1231.6,ecos,2026-07-25T01:00:32+00:00
kr_usdkrw,2020-05-20,1224.5,ecos,2026-07-25T01:00:32+00:00
kr_usdkrw,2020-05-21,1227.8,ecos,2026-07-25T01:00:32+00:00
kr_usdkrw,2020-05-22,1230.7,ecos,2026-07-25T01:00:32+00:00
kr_usdkrw,2020-05-25,1236.2,ecos,2026-07-25T01:00:32+00:00
kr_usdkrw,2020-05-26,1242,ecos,2026-07-25T01:00:32+00:00
kr_usdkrw,2020-05-27,1237.1,ecos,2026-07-25T01:00:32+00:00
kr_usdkrw,2020-05-28,1233.7,ecos,2026-07-25T01:00:32+00:00
kr_usdkrw,2020-05-29,1239.4,ecos,2026-07-25T01:00:32+00:00
kr_usdkrw,2020-06-01,1237.6,ecos,2026-07-25T01:00:32+00:00
kr_usdkrw,2020-06-02,1227.8,ecos,2026-07-25T01:00:32+00:00
kr_usdkrw,2020-06-03,1224.1,ecos,2026-07-25T01:00:32+00:00
kr_usdkrw,2020-06-04,1216.9,ecos,2026-07-25T01:00:32+00:00
kr_usdkrw,2020-06-05,1217.4,ecos,2026-07-25T01:00:32+00:00
kr_usdkrw,2020-06-08,1213.1,ecos,2026-07-25T01:00:32+00:00
kr_usdkrw,2020-06-09,1204.2,ecos,2026-07-25T01:00:32+00:00
kr_usdkrw,2020-06-10,1197.7,ecos,2026-07-25T01:00:32+00:00
kr_usdkrw,2020-06-11,1194.4,ecos,2026-07-25T01:00:32+00:00
kr_usdkrw,2020-06-12,1192.8,ecos,2026-07-25T01:00:32+00:00
kr_usdkrw,2020-06-15,1206.6,ecos,2026-07-25T01:00:32+00:00
kr_usdkrw,2020-06-16,1210.8,ecos,2026-07-25T01:00:32+00:00
kr_usdkrw,2020-06-17,1206.6,ecos,2026-07-25T01:00:32+00:00
kr_usdkrw,2020-06-18,1214.5,ecos,2026-07-25T01:00:32+00:00
kr_usdkrw,2020-06-19,1213,ecos,2026-07-25T01:00:32+00:00
kr_usdkrw,2020-06-22,1212,ecos,2026-07-25T01:00:32+00:00
kr_usdkrw,2020-06-23,1213.2,ecos,2026-07-25T01:00:32+00:00
kr_usdkrw,2020-06-24,1210.1,ecos,2026-07-25T01:00:32+00:00
kr_usdkrw,2020-06-25,1202.9,ecos,2026-07-25T01:00:32+00:00
kr_usdkrw,2020-06-26,1205.2,ecos,2026-07-25T01:00:32+00:00
kr_usdkrw,2020-06-29,1198.6,ecos,2026-07-25T01:00:32+00:00
kr_usdkrw,2020-06-30,1200.7,ecos,2026-07-25T01:00:32+00:00
kr_usdkrw,2020-07-01,1198.5,ecos,2026-07-25T01:00:32+00:00
kr_usdkrw,2020-07-02,1201.6,ecos,2026-07-25T01:00:32+00:00
kr_usdkrw,2020-07-03,1201,ecos,2026-07-25T01:00:32+00:00
kr_usdkrw,2020-07-06,1200.4,ecos,2026-07-25T01:00:32+00:00
kr_usdkrw,2020-07-07,1196.8,ecos,2026-07-25T01:00:32+00:00
kr_usdkrw,2020-07-08,1192.9,ecos,2026-07-25T01:00:32+00:00
kr_usdkrw,2020-07-09,1195.8,ecos,2026-07-25T01:00:32+00:00
kr_usdkrw,2020-07-10,1194.5,ecos,2026-07-25T01:00:32+00:00
kr_usdkrw,2020-07-13,1202.4,ecos,2026-07-25T01:00:32+00:00
kr_usdkrw,2020-07-14,1200.3,ecos,2026-07-25T01:00:32+00:00
kr_usdkrw,2020-07-15,1206.4,ecos,2026-07-25T01:00:32+00:00
kr_usdkrw,2020-07-16,1200.7,ecos,2026-07-25T01:00:32+00:00
kr_usdkrw,2020-07-17,1204.1,ecos,2026-07-25T01:00:32+00:00
kr_usdkrw,2020-07-20,1205.7,ecos,2026-07-25T01:00:32+00:00
kr_usdkrw,2020-07-21,1203.7,ecos,2026-07-25T01:00:32+00:00
kr_usdkrw,2020-07-22,1198.1,ecos,2026-07-25T01:00:32+00:00
kr_usdkrw,2020-07-23,1193.7,ecos,2026-07-25T01:00:32+00:00
kr_usdkrw,2020-07-24,1198.5,ecos,2026-07-25T01:00:32+00:00
kr_usdkrw,2020-07-27,1201.3,ecos,2026-07-25T01:00:32+00:00
kr_usdkrw,2020-07-28,1196.6,ecos,2026-07-25T01:00:32+00:00
kr_usdkrw,2020-07-29,1195.1,ecos,2026-07-25T01:00:32+00:00
kr_usdkrw,2020-07-30,1195.2,ecos,2026-07-25T01:00:32+00:00
kr_usdkrw,2020-07-31,1191.4,ecos,2026-07-25T01:00:32+00:00
kr_usdkrw,2020-08-03,1189.1,ecos,2026-07-25T01:00:32+00:00
kr_usdkrw,2020-08-04,1193.7,ecos,2026-07-25T01:00:32+00:00
kr_usdkrw,2020-08-05,1193.5,ecos,2026-07-25T01:00:32+00:00
kr_usdkrw,2020-08-06,1190.3,ecos,2026-07-25T01:00:32+00:00
kr_usdkrw,2020-08-07,1184.3,ecos,2026-07-25T01:00:32+00:00
kr_usdkrw,2020-08-10,1185.9,ecos,2026-07-25T01:00:32+00:00
kr_usdkrw,2020-08-11,1186.7,ecos,2026-07-25T01:00:32+00:00
kr_usdkrw,2020-08-12,1184.9,ecos,2026-07-25T01:00:32+00:00
us_cpi,2016-07-01,240.101,fred,2026-07-25T01:00:21+00:00
us_cpi,2016-08-01,240.545,fred,2026-07-25T01:00:21+00:00
us_cpi,2016-09-01,241.176,fred,2026-07-25T01:00:21+00:00
us_cpi,2016-10-01,241.741,fred,2026-07-25T01:00:21+00:00
us_cpi,2016-11-01,242.026,fred,2026-07-25T01:00:21+00:00
us_cpi,2016-12-01,242.637,fred,2026-07-25T01:00:21+00:00
us_cpi,2017-01-01,243.618,fred,2026-07-25T01:00:21+00:00
us_cpi,2017-02-01,244.006,fred,2026-07-25T01:00:21+00:00
us_cpi,2017-03-01,243.892,fred,2026-07-25T01:00:21+00:00
us_cpi,2017-04-01,244.193,fred,2026-07-25T01:00:21+00:00
us_cpi,2017-05-01,244.004,fred,2026-07-25T01:00:21+00:00
us_cpi,2017-06-01,244.163,fred,2026-07-25T01:00:21+00:00
us_cpi,2017-07-01,244.243,fred,2026-07-25T01:00:21+00:00
us_cpi,2017-08-01,245.183,fred,2026-07-25T01:00:21+00:00
us_cpi,2017-09-01,246.435,fred,2026-07-25T01:00:21+00:00
us_cpi,2017-10-01,246.626,fred,2026-07-25T01:00:21+00:00
us_cpi,2017-11-01,247.284,fred,2026-07-25T01:00:21+00:00
us_cpi,2017-12-01,247.805,fred,2026-07-25T01:00:21+00:00
us_cpi,2018-01-01,248.859,fred,2026-07-25T01:00:21+00:00
us_cpi,2018-02-01,249.529,fred,2026-07-25T01:00:21+00:00
us_cpi,2018-03-01,249.577,fred,2026-07-25T01:00:21+00:00
us_cpi,2018-04-01,250.227,fred,2026-07-25T01:00:21+00:00
us_cpi,2018-05-01,250.792,fred,2026-07-25T01:00:21+00:00
us_cpi,2018-06-01,251.018,fred,2026-07-25T01:00:21+00:00
us_cpi,2018-07-01,251.214,fred,2026-07-25T01:00:21+00:00
us_cpi,2018-08-01,251.663,fred,2026-07-25T01:00:21+00:00
us_cpi,2018-09-01,252.182,fred,2026-07-25T01:00:21+00:00
us_cpi,2018-10-01,252.772,fred,2026-07-25T01:00:21+00:00
us_cpi,2018-11-01,252.594,fred,2026-07-25T01:00:21+00:00
us_cpi,2018-12-01,252.767,fred,2026-07-25T01:00:21+00:00
us_cpi,2019-01-01,252.561,fred,2026-07-25T01:00:21+00:00
us_cpi,2019-02-01,253.319,fred,2026-07-25T01:00:21+00:00
us_cpi,2019-03-01,254.277,fred,2026-07-25T01:00:21+00:00
us_cpi,2019-04-01,255.233,fred,2026-07-25T01:00:21+00:00
us_cpi,2019-05-01,255.296,fred,2026-07-25T01:00:21+00:00
us_cpi,2019-06-01,255.213,fred,2026-07-25T01:00:21+00:00
us_cpi,2019-07-01,255.802,fred,2026-07-25T01:00:21+00:00
us_cpi,2019-08-01,256.036,fred,2026-07-25T01:00:21+00:00
us_cpi,2019-09-01,256.430,fred,2026-07-25T01:00:21+00:00
us_cpi,2019-10-01,257.155,fred,2026-07-25T01:00:21+00:00
us_cpi,2019-11-01,257.879,fred,2026-07-25T01:00:21+00:00
us_cpi,2019-12-01,258.630,fred,2026-07-25T01:00:21+00:00
us_cpi,2020-01-01,259.127,fred,2026-07-25T01:00:21+00:00
us_cpi,2020-02-01,259.250,fred,2026-07-25T01:00:21+00:00
us_cpi,2020-03-01,258.076,fred,2026-07-25T01:00:21+00:00
us_cpi,2020-04-01,256.032,fred,2026-07-25T01:00:21+00:00
us_cpi,2020-05-01,255.802,fred,2026-07-25T01:00:21+00:00
us_cpi,2020-06-01,257.042,fred,2026-07-25T01:00:21+00:00
us_cpi,2020-07-01,258.352,fred,2026-07-25T01:00:21+00:00
us_cpi,2020-08-01,259.316,fred,2026-07-25T01:00:21+00:00
us_cpi,2020-09-01,259.997,fred,2026-07-25T01:00:21+00:00
us_cpi,2020-10-01,260.319,fred,2026-07-25T01:00:21+00:00
us_cpi,2020-11-01,260.911,fred,2026-07-25T01:00:21+00:00
us_cpi,2020-12-01,262.045,fred,2026-07-25T01:00:21+00:00
us_cpi,2021-01-01,262.687,fred,2026-07-25T01:00:21+00:00
us_cpi,2021-02-01,263.579,fred,2026-07-25T01:00:21+00:00
us_cpi,2021-03-01,264.961,fred,2026-07-25T01:00:21+00:00
us_cpi,2021-04-01,266.614,fred,2026-07-25T01:00:21+00:00
us_cpi,2021-05-01,268.383,fred,2026-07-25T01:00:21+00:00
us_cpi,2021-06-01,270.654,fred,2026-07-25T01:00:21+00:00
us_cpi,2021-07-01,271.903,fred,2026-07-25T01:00:21+00:00
us_cpi,2021-08-01,272.676,fred,2026-07-25T01:00:21+00:00
us_cpi,2021-09-01,273.910,fred,2026-07-25T01:00:21+00:00
us_cpi,2021-10-01,276.550,fred,2026-07-25T01:00:21+00:00
us_cpi,2021-11-01,278.919,fred,2026-07-25T01:00:21+00:00
us_cpi,2021-12-01,280.845,fred,2026-07-25T01:00:21+00:00
us_cpi,2022-01-01,282.543,fred,2026-07-25T01:00:21+00:00
us_cpi,2022-02-01,284.500,fred,2026-07-25T01:00:21+00:00
us_cpi,2022-03-01,287.674,fred,2026-07-25T01:00:21+00:00
us_cpi,2022-04-01,288.561,fred,2026-07-25T01:00:21+00:00
us_cpi,2022-05-01,291.298,fred,2026-07-25T01:00:21+00:00
us_cpi,2022-06-01,294.957,fred,2026-07-25T01:00:21+00:00
us_cpi,2022-07-01,294.913,fred,2026-07-25T01:00:21+00:00
us_cpi,2022-08-01,295.097,fred,2026-07-25T01:00:21+00:00
us_cpi,2022-09-01,296.349,fred,2026-07-25T01:00:21+00:00
us_cpi,2022-10-01,298.007,fred,2026-07-25T01:00:21+00:00
us_cpi,2022-11-01,298.786,fred,2026-07-25T01:00:21+00:00
us_cpi,2022-12-01,298.832,fred,2026-07-25T01:00:21+00:00
us_cpi,2023-01-01,300.420,fred,2026-07-25T01:00:21+00:00
us_cpi,2023-02-01,301.450,fred,2026-07-25T01:00:21+00:00
us_cpi,2023-03-01,301.821,fred,2026-07-25T01:00:21+00:00
us_cpi,2023-04-01,302.845,fred,2026-07-25T01:00:21+00:00
us_cpi,2023-05-01,303.334,fred,2026-07-25T01:00:21+00:00
us_cpi,2023-06-01,304.014,fred,2026-07-25T01:00:21+00:00
us_cpi,2023-07-01,304.609,fred,2026-07-25T01:00:21+00:00
us_cpi,2023-08-01,306.082,fred,2026-07-25T01:00:21+00:00
us_cpi,2023-09-01,307.276,fred,2026-07-25T01:00:21+00:00
us_cpi,2023-10-01,307.696,fred,2026-07-25T01:00:21+00:00
us_cpi,2023-11-01,308.148,fred,2026-07-25T01:00:21+00:00
us_cpi,2023-12-01,308.741,fred,2026-07-25T01:00:21+00:00
us_cpi,2024-01-01,309.698,fred,2026-07-25T01:00:21+00:00
us_cpi,2024-02-01,310.967,fred,2026-07-25T01:00:21+00:00
us_cpi,2024-03-01,312.345,fred,2026-07-25T01:00:21+00:00
us_cpi,2024-04-01,313.023,fred,2026-07-25T01:00:21+00:00
us_cpi,2024-05-01,313.175,fred,2026-07-25T01:00:21+00:00
us_cpi,2024-06-01,313.044,fred,2026-07-25T01:00:21+00:00
us_cpi,2024-07-01,313.569,fred,2026-07-25T01:00:21+00:00
us_cpi,2024-08-01,314.062,fred,2026-07-25T01:00:21+00:00
us_cpi,2024-09-01,314.732,fred,2026-07-25T01:00:21+00:00
us_cpi,2024-10-01,315.631,fred,2026-07-25T01:00:21+00:00
us_cpi,2024-11-01,316.528,fred,2026-07-25T01:00:21+00:00
us_cpi,2024-12-01,317.604,fred,2026-07-25T01:00:21+00:00
us_cpi,2025-01-01,318.961,fred,2026-07-25T01:00:21+00:00
us_cpi,2025-02-01,319.679,fred,2026-07-25T01:00:21+00:00
us_cpi,2025-03-01,319.785,fred,2026-07-25T01:00:21+00:00
us_cpi,2025-04-01,320.302,fred,2026-07-25T01:00:21+00:00
us_cpi,2025-05-01,320.620,fred,2026-07-25T01:00:21+00:00
us_cpi,2025-06-01,321.435,fred,2026-07-25T01:00:21+00:00
us_cpi,2025-07-01,322.169,fred,2026-07-25T01:00:21+00:00
us_cpi,2025-08-01,323.291,fred,2026-07-25T01:00:21+00:00
us_cpi,2025-09-01,324.245,fred,2026-07-25T01:00:21+00:00
us_cpi,2025-11-01,325.063,fred,2026-07-25T01:00:21+00:00
us_cpi,2025-12-01,326.031,fred,2026-07-25T01:00:21+00:00
us_cpi,2026-01-01,326.588,fred,2026-07-25T01:00:21+00:00
us_cpi,2026-02-01,327.460,fred,2026-07-25T01:00:21+00:00
us_cpi,2026-03-01,330.293,fred,2026-07-25T01:00:21+00:00
us_cpi,2026-04-01,332.407,fred,2026-07-25T01:00:21+00:00
us_cpi,2026-05-01,333.979,fred,2026-07-25T01:00:21+00:00
us_cpi,2026-06-01,332.568,fred,2026-07-25T01:00:21+00:00
us_fed_funds,2016-07-01,0.39,fred,2026-07-25T01:00:16+00:00
us_fed_funds,2016-08-01,0.40,fred,2026-07-25T01:00:16+00:00
us_fed_funds,2016-09-01,0.40,fred,2026-07-25T01:00:16+00:00
us_fed_funds,2016-10-01,0.40,fred,2026-07-25T01:00:16+00:00
us_fed_funds,2016-11-01,0.41,fred,2026-07-25T01:00:16+00:00
us_fed_funds,2016-12-01,0.54,fred,2026-07-25T01:00:16+00:00
us_fed_funds,2017-01-01,0.65,fred,2026-07-25T01:00:16+00:00
us_fed_funds,2017-02-01,0.66,fred,2026-07-25T01:00:16+00:00
us_fed_funds,2017-03-01,0.79,fred,2026-07-25T01:00:16+00:00
us_fed_funds,2017-04-01,0.90,fred,2026-07-25T01:00:16+00:00
us_fed_funds,2017-05-01,0.91,fred,2026-07-25T01:00:16+00:00
us_fed_funds,2017-06-01,1.04,fred,2026-07-25T01:00:16+00:00
us_fed_funds,2017-07-01,1.15,fred,2026-07-25T01:00:16+00:00
us_fed_funds,2017-08-01,1.16,fred,2026-07-25T01:00:16+00:00
us_fed_funds,2017-09-01,1.15,fred,2026-07-25T01:00:16+00:00
us_fed_funds,2017-10-01,1.15,fred,2026-07-25T01:00:16+00:00
us_fed_funds,2017-11-01,1.16,fred,2026-07-25T01:00:16+00:00
us_fed_funds,2017-12-01,1.30,fred,2026-07-25T01:00:16+00:00
us_fed_funds,2018-01-01,1.41,fred,2026-07-25T01:00:16+00:00
us_fed_funds,2018-02-01,1.42,fred,2026-07-25T01:00:16+00:00
us_fed_funds,2018-03-01,1.51,fred,2026-07-25T01:00:16+00:00
us_fed_funds,2018-04-01,1.69,fred,2026-07-25T01:00:16+00:00
us_fed_funds,2018-05-01,1.70,fred,2026-07-25T01:00:16+00:00
us_fed_funds,2018-06-01,1.82,fred,2026-07-25T01:00:16+00:00
us_fed_funds,2018-07-01,1.91,fred,2026-07-25T01:00:16+00:00
us_fed_funds,2018-08-01,1.91,fred,2026-07-25T01:00:16+00:00
us_fed_funds,2018-09-01,1.95,fred,2026-07-25T01:00:16+00:00
us_fed_funds,2018-10-01,2.19,fred,2026-07-25T01:00:16+00:00
us_fed_funds,2018-11-01,2.20,fred,2026-07-25T01:00:16+00:00
us_fed_funds,2018-12-01,2.27,fred,2026-07-25T01:00:16+00:00
us_fed_funds,2019-01-01,2.40,fred,2026-07-25T01:00:16+00:00
us_fed_funds,2019-02-01,2.40,fred,2026-07-25T01:00:16+00:00
us_fed_funds,2019-03-01,2.41,fred,2026-07-25T01:00:16+00:00
us_fed_funds,2019-04-01,2.42,fred,2026-07-25T01:00:16+00:00
us_fed_funds,2019-05-01,2.39,fred,2026-07-25T01:00:16+00:00
us_fed_funds,2019-06-01,2.38,fred,2026-07-25T01:00:16+00:00
us_fed_funds,2019-07-01,2.40,fred,2026-07-25T01:00:16+00:00
us_fed_funds,2019-08-01,2.13,fred,2026-07-25T01:00:16+00:00
us_fed_funds,2019-09-01,2.04,fred,2026-07-25T01:00:16+00:00
us_fed_funds,2019-10-01,1.83,fred,2026-07-25T01:00:16+00:00
us_fed_funds,2019-11-01,1.55,fred,2026-07-25T01:00:16+00:00
us_fed_funds,2019-12-01,1.55,fred,2026-07-25T01:00:16+00:00
us_fed_funds,2020-01-01,1.55,fred,2026-07-25T01:00:16+00:00
us_fed_funds,2020-02-01,1.58,fred,2026-07-25T01:00:16+00:00
us_fed_funds,2020-03-01,0.65,fred,2026-07-25T01:00:16+00:00
us_fed_funds,2020-04-01,0.05,fred,2026-07-25T01:00:16+00:00
us_fed_funds,2020-05-01,0.05,fred,2026-07-25T01:00:16+00:00
us_fed_funds,2020-06-01,0.08,fred,2026-07-25T01:00:16+00:00
us_fed_funds,2020-07-01,0.09,fred,2026-07-25T01:00:16+00:00
us_fed_funds,2020-08-01,0.10,fred,2026-07-25T01:00:16+00:00
us_fed_funds,2020-09-01,0.09,fred,2026-07-25T01:00:16+00:00
us_fed_funds,2020-10-01,0.09,fred,2026-07-25T01:00:16+00:00
us_fed_funds,2020-11-01,0.09,fred,2026-07-25T01:00:16+00:00
us_fed_funds,2020-12-01,0.09,fred,2026-07-25T01:00:16+00:00
us_fed_funds,2021-01-01,0.09,fred,2026-07-25T01:00:16+00:00
us_fed_funds,2021-02-01,0.08,fred,2026-07-25T01:00:16+00:00
us_fed_funds,2021-03-01,0.07,fred,2026-07-25T01:00:16+00:00
us_fed_funds,2021-04-01,0.07,fred,2026-07-25T01:00:16+00:00
us_fed_funds,2021-05-01,0.06,fred,2026-07-25T01:00:16+00:00
us_fed_funds,2021-06-01,0.08,fred,2026-07-25T01:00:16+00:00
us_fed_funds,2021-07-01,0.10,fred,2026-07-25T01:00:16+00:00
us_fed_funds,2021-08-01,0.09,fred,2026-07-25T01:00:16+00:00
us_fed_funds,2021-09-01,0.08,fred,2026-07-25T01:00:16+00:00
us_fed_funds,2021-10-01,0.08,fred,2026-07-25T01:00:16+00:00
us_fed_funds,2021-11-01,0.08,fred,2026-07-25T01:00:16+00:00
us_fed_funds,2021-12-01,0.08,fred,2026-07-25T01:00:16+00:00
us_fed_funds,2022-01-01,0.08,fred,2026-07-25T01:00:16+00:00
us_fed_funds,2022-02-01,0.08,fred,2026-07-25T01:00:16+00:00
us_fed_funds,2022-03-01,0.20,fred,2026-07-25T01:00:16+00:00
us_fed_funds,2022-04-01,0.33,fred,2026-07-25T01:00:16+00:00
us_fed_funds,2022-05-01,0.77,fred,2026-07-25T01:00:16+00:00
us_fed_funds,2022-06-01,1.21,fred,2026-07-25T01:00:16+00:00
us_fed_funds,2022-07-01,1.68,fred,2026-07-25T01:00:16+00:00
us_fed_funds,2022-08-01,2.33,fred,2026-07-25T01:00:16+00:00
us_fed_funds,2022-09-01,2.56,fred,2026-07-25T01:00:16+00:00
us_fed_funds,2022-10-01,3.08,fred,2026-07-25T01:00:16+00:00
us_fed_funds,2022-11-01,3.78,fred,2026-07-25T01:00:16+00:00
us_fed_funds,2022-12-01,4.10,fred,2026-07-25T01:00:16+00:00
us_fed_funds,2023-01-01,4.33,fred,2026-07-25T01:00:16+00:00
us_fed_funds,2023-02-01,4.57,fred,2026-07-25T01:00:16+00:00
us_fed_funds,2023-03-01,4.65,fred,2026-07-25T01:00:16+00:00
us_fed_funds,2023-04-01,4.83,fred,2026-07-25T01:00:16+00:00
us_fed_funds,2023-05-01,5.06,fred,2026-07-25T01:00:16+00:00
us_fed_funds,2023-06-01,5.08,fred,2026-07-25T01:00:16+00:00
us_fed_funds,2023-07-01,5.12,fred,2026-07-25T01:00:16+00:00
us_fed_funds,2023-08-01,5.33,fred,2026-07-25T01:00:16+00:00
us_fed_funds,2023-09-01,5.33,fred,2026-07-25T01:00:16+00:00
us_fed_funds,2023-10-01,5.33,fred,2026-07-25T01:00:16+00:00
us_fed_funds,2023-11-01,5.33,fred,2026-07-25T01:00:16+00:00
us_fed_funds,2023-12-01,5.33,fred,2026-07-25T01:00:16+00:00
us_fed_funds,2024-01-01,5.33,fred,2026-07-25T01:00:16+00:00
us_fed_funds,2024-02-01,5.33,fred,2026-07-25T01:00:16+00:00
us_fed_funds,2024-03-01,5.33,fred,2026-07-25T01:00:16+00:00
us_fed_funds,2024-04-01,5.33,fred,2026-07-25T01:00:16+00:00
us_fed_funds,2024-05-01,5.33,fred,2026-07-25T01:00:16+00:00
us_fed_funds,2024-06-01,5.33,fred,2026-07-25T01:00:16+00:00
us_fed_funds,2024-07-01,5.33,fred,2026-07-25T01:00:16+00:00
us_fed_funds,2024-08-01,5.33,fred,2026-07-25T01:00:16+00:00
us_fed_funds,2024-09-01,5.13,fred,2026-07-25T01:00:16+00:00
us_fed_funds,2024-10-01,4.83,fred,2026-07-25T01:00:16+00:00
us_fed_funds,2024-11-01,4.64,fred,2026-07-25T01:00:16+00:00
us_fed_funds,2024-12-01,4.48,fred,2026-07-25T01:00:16+00:00
us_fed_funds,2025-01-01,4.33,fred,2026-07-25T01:00:16+00:00
us_fed_funds,2025-02-01,4.33,fred,2026-07-25T01:00:16+00:00
us_fed_funds,2025-03-01,4.33,fred,2026-07-25T01:00:16+00:00
us_fed_funds,2025-04-01,4.33,fred,2026-07-25T01:00:16+00:00
us_fed_funds,2025-05-01,4.33,fred,2026-07-25T01:00:16+00:00
us_fed_funds,2025-06-01,4.33,fred,2026-07-25T01:00:16+00:00
us_fed_funds,2025-07-01,4.33,fred,2026-07-25T01:00:16+00:00
us_fed_funds,2025-08-01,4.33,fred,2026-07-25T01:00:16+00:00
us_fed_funds,2025-09-01,4.22,fred,2026-07-25T01:00:16+00:00
us_fed_funds,2025-10-01,4.09,fred,2026-07-25T01:00:16+00:00
us_fed_funds,2025-11-01,3.88,fred,2026-07-25T01:00:16+00:00
us_fed_funds,2025-12-01,3.72,fred,2026-07-25T01:00:16+00:00
us_fed_funds,2026-01-01,3.64,fred,2026-07-25T01:00:16+00:00
us_fed_funds,2026-02-01,3.64,fred,2026-07-25T01:00:16+00:00
us_fed_funds,2026-03-01,3.64,fred,2026-07-25T01:00:16+00:00
us_fed_funds,2026-04-01,3.64,fred,2026-07-25T01:00:16+00:00
us_fed_funds,2026-05-01,3.63,fred,2026-07-25T01:00:16+00:00
us_fed_funds,2026-06-01,3.63,fred,2026-07-25T01:00:16+00:00
us_gdp_nominal,2016-07-01,18892.639,fred,2026-07-25T01:00:29+00:00
us_gdp_nominal,2016-10-01,19089.379,fred,2026-07-25T01:00:29+00:00
us_gdp_nominal,2017-01-01,19280.084,fred,2026-07-25T01:00:29+00:00
us_gdp_nominal,2017-04-01,19438.643,fred,2026-07-25T01:00:29+00:00
us_gdp_nominal,2017-07-01,19692.595,fred,2026-07-25T01:00:29+00:00
us_gdp_nominal,2017-10-01,20037.088,fred,2026-07-25T01:00:29+00:00
us_gdp_nominal,2018-01-01,20328.553,fred,2026-07-25T01:00:29+00:00
us_gdp_nominal,2018-04-01,20580.912,fred,2026-07-25T01:00:29+00:00
us_gdp_nominal,2018-07-01,20798.73,fred,2026-07-25T01:00:29+00:00
us_gdp_nominal,2018-10-01,20917.867,fred,2026-07-25T01:00:29+00:00
us_gdp_nominal,2019-01-01,21111.6,fred,2026-07-25T01:00:29+00:00
us_gdp_nominal,2019-04-01,21397.938,fred,2026-07-25T01:00:29+00:00
us_gdp_nominal,2019-07-01,21717.171,fred,2026-07-25T01:00:29+00:00
us_gdp_nominal,2019-10-01,21933.217,fred,2026-07-25T01:00:29+00:00
us_gdp_nominal,2020-01-01,21751.238,fred,2026-07-25T01:00:29+00:00
us_gdp_nominal,2020-04-01,19958.291,fred,2026-07-25T01:00:29+00:00
us_gdp_nominal,2020-07-01,21704.437,fred,2026-07-25T01:00:29+00:00
us_gdp_nominal,2020-10-01,22087.16,fred,2026-07-25T01:00:29+00:00
us_gdp_nominal,2021-01-01,22680.693,fred,2026-07-25T01:00:29+00:00
us_gdp_nominal,2021-04-01,23425.91,fred,2026-07-25T01:00:29+00:00
us_gdp_nominal,2021-07-01,23982.379,fred,2026-07-25T01:00:29+00:00
us_gdp_nominal,2021-10-01,24813.6,fred,2026-07-25T01:00:29+00:00
us_gdp_nominal,2022-01-01,25250.347,fred,2026-07-25T01:00:29+00:00
us_gdp_nominal,2022-04-01,25861.292,fred,2026-07-25T01:00:29+00:00
us_gdp_nominal,2022-07-01,26336.304,fred,2026-07-25T01:00:29+00:00
us_gdp_nominal,2022-10-01,26770.514,fred,2026-07-25T01:00:29+00:00
us_gdp_nominal,2023-01-01,27216.445,fred,2026-07-25T01:00:29+00:00
us_gdp_nominal,2023-04-01,27530.055,fred,2026-07-25T01:00:29+00:00
us_gdp_nominal,2023-07-01,28074.846,fred,2026-07-25T01:00:29+00:00
us_gdp_nominal,2023-10-01,28424.722,fred,2026-07-25T01:00:29+00:00
us_gdp_nominal,2024-01-01,28708.161,fred,2026-07-25T01:00:29+00:00
us_gdp_nominal,2024-04-01,29147.044,fred,2026-07-25T01:00:29+00:00
us_gdp_nominal,2024-07-01,29511.664,fred,2026-07-25T01:00:29+00:00
us_gdp_nominal,2024-10-01,29825.182,fred,2026-07-25T01:00:29+00:00
us_gdp_nominal,2025-01-01,30042.113,fred,2026-07-25T01:00:29+00:00
us_gdp_nominal,2025-04-01,30485.729,fred,2026-07-25T01:00:29+00:00
us_gdp_nominal,2025-07-01,31098.027,fred,2026-07-25T01:00:29+00:00
us_gdp_nominal,2025-10-01,31422.526,fred,2026-07-25T01:00:29+00:00
us_gdp_nominal,2026-01-01,31865.721,fred,2026-07-25T01:00:29+00:00
us_gdp_real,2016-07-01,19197.938,fred,2026-07-25T01:00:27+00:00
us_gdp_real,2016-10-01,19304.352,fred,2026-07-25T01:00:27+00:00
us_gdp_real,2017-01-01,19398.343,fred,2026-07-25T01:00:27+00:00
us_gdp_real,2017-04-01,19506.949,fred,2026-07-25T01:00:27+00:00
us_gdp_real,2017-07-01,19660.766,fred,2026-07-25T01:00:27+00:00
us_gdp_real,2017-10-01,19882.352,fred,2026-07-25T01:00:27+00:00
us_gdp_real,2018-01-01,20044.077,fred,2026-07-25T01:00:27+00:00
us_gdp_real,2018-04-01,20150.476,fred,2026-07-25T01:00:27+00:00
us_gdp_real,2018-07-01,20276.154,fred,2026-07-25T01:00:27+00:00
us_gdp_real,2018-10-01,20304.874,fred,2026-07-25T01:00:27+00:00
us_gdp_real,2019-01-01,20431.641,fred,2026-07-25T01:00:27+00:00
us_gdp_real,2019-04-01,20602.275,fred,2026-07-25T01:00:27+00:00
us_gdp_real,2019-07-01,20843.322,fred,2026-07-25T01:00:27+00:00
us_gdp_real,2019-10-01,20985.448,fred,2026-07-25T01:00:27+00:00
us_gdp_real,2020-01-01,20709.212,fred,2026-07-25T01:00:27+00:00
us_gdp_real,2020-04-01,19077.992,fred,2026-07-25T01:00:27+00:00
us_gdp_real,2020-07-01,20558.879,fred,2026-07-25T01:00:27+00:00
us_gdp_real,2020-10-01,20791.917,fred,2026-07-25T01:00:27+00:00
us_gdp_real,2021-01-01,21082.134,fred,2026-07-25T01:00:27+00:00
us_gdp_real,2021-04-01,21440.929,fred,2026-07-25T01:00:27+00:00
us_gdp_real,2021-07-01,21617.828,fred,2026-07-25T01:00:27+00:00
us_gdp_real,2021-10-01,21988.737,fred,2026-07-25T01:00:27+00:00
us_gdp_real,2022-01-01,21932.71,fred,2026-07-25T01:00:27+00:00
us_gdp_real,2022-04-01,21967.045,fred,2026-07-25T01:00:27+00:00
us_gdp_real,2022-07-01,22125.625,fred,2026-07-25T01:00:27+00:00
us_gdp_real,2022-10-01,22278.345,fred,2026-07-25T01:00:27+00:00
us_gdp_real,2023-01-01,22439.607,fred,2026-07-25T01:00:27+00:00
us_gdp_real,2023-04-01,22580.499,fred,2026-07-25T01:00:27+00:00
us_gdp_real,2023-07-01,22840.989,fred,2026-07-25T01:00:27+00:00
us_gdp_real,2023-10-01,23033.78,fred,2026-07-25T01:00:27+00:00
us_gdp_real,2024-01-01,23082.119,fred,2026-07-25T01:00:27+00:00
us_gdp_real,2024-04-01,23286.508,fred,2026-07-25T01:00:27+00:00
us_gdp_real,2024-07-01,23478.57,fred,2026-07-25T01:00:27+00:00
us_gdp_real,2024-10-01,23586.542,fred,2026-07-25T01:00:27+00:00
us_gdp_real,2025-01-01,23548.21,fred,2026-07-25T01:00:27+00:00
us_gdp_real,2025-04-01,23770.976,fred,2026-07-25T01:00:27+00:00
us_gdp_real,2025-07-01,24026.834,fred,2026-07-25T01:00:27+00:00
us_gdp_real,2025-10-01,24055.749,fred,2026-07-25T01:00:27+00:00
us_gdp_real,2026-01-01,24180.419,fred,2026-07-25T01:00:27+00:00
us_unemployment,2016-07-01,4.8,fred,2026-07-25T01:00:25+00:00
us_unemployment,2016-08-01,4.9,fred,2026-07-25T01:00:25+00:00
us_unemployment,2016-09-01,5.0,fred,2026-07-25T01:00:25+00:00
us_unemployment,2016-10-01,4.9,fred,2026-07-25T01:00:25+00:00
us_unemployment,2016-11-01,4.7,fred,2026-07-25T01:00:25+00:00
us_unemployment,2016-12-01,4.7,fred,2026-07-25T01:00:25+00:00
us_unemployment,2017-01-01,4.7,fred,2026-07-25T01:00:25+00:00
us_unemployment,2017-02-01,4.6,fred,2026-07-25T01:00:25+00:00
us_unemployment,2017-03-01,4.4,fred,2026-07-25T01:00:25+00:00
us_unemployment,2017-04-01,4.4,fred,2026-07-25T01:00:25+00:00
us_unemployment,2017-05-01,4.4,fred,2026-07-25T01:00:25+00:00
us_unemployment,2017-06-01,4.3,fred,2026-07-25T01:00:25+00:00
us_unemployment,2017-07-01,4.3,fred,2026-07-25T01:00:25+00:00
us_unemployment,2017-08-01,4.4,fred,2026-07-25T01:00:25+00:00
us_unemployment,2017-09-01,4.3,fred,2026-07-25T01:00:25+00:00
us_unemployment,2017-10-01,4.2,fred,2026-07-25T01:00:25+00:00
us_unemployment,2017-11-01,4.2,fred,2026-07-25T01:00:25+00:00
us_unemployment,2017-12-01,4.1,fred,2026-07-25T01:00:25+00:00
us_unemployment,2018-01-01,4.0,fred,2026-07-25T01:00:25+00:00
us_unemployment,2018-02-01,4.1,fred,2026-07-25T01:00:25+00:00
us_unemployment,2018-03-01,4.0,fred,2026-07-25T01:00:25+00:00
us_unemployment,2018-04-01,4.0,fred,2026-07-25T01:00:25+00:00
us_unemployment,2018-05-01,3.8,fred,2026-07-25T01:00:25+00:00
us_unemployment,2018-06-01,4.0,fred,2026-07-25T01:00:25+00:00
us_unemployment,2018-07-01,3.8,fred,2026-07-25T01:00:25+00:00
us_unemployment,2018-08-01,3.8,fred,2026-07-25T01:00:25+00:00
us_unemployment,2018-09-01,3.7,fred,2026-07-25T01:00:25+00:00
us_unemployment,2018-10-01,3.8,fred,2026-07-25T01:00:25+00:00
us_unemployment,2018-11-01,3.8,fred,2026-07-25T01:00:25+00:00
us_unemployment,2018-12-01,3.9,fred,2026-07-25T01:00:25+00:00
us_unemployment,2019-01-01,4.0,fred,2026-07-25T01:00:25+00:00
us_unemployment,2019-02-01,3.8,fred,2026-07-25T01:00:25+00:00
us_unemployment,2019-03-01,3.8,fred,2026-07-25T01:00:25+00:00
us_unemployment,2019-04-01,3.7,fred,2026-07-25T01:00:25+00:00
us_unemployment,2019-05-01,3.6,fred,2026-07-25T01:00:25+00:00
us_unemployment,2019-06-01,3.6,fred,2026-07-25T01:00:25+00:00
us_unemployment,2019-07-01,3.7,fred,2026-07-25T01:00:25+00:00
us_unemployment,2019-08-01,3.6,fred,2026-07-25T01:00:25+00:00
us_unemployment,2019-09-01,3.5,fred,2026-07-25T01:00:25+00:00
us_unemployment,2019-10-01,3.6,fred,2026-07-25T01:00:25+00:00
us_unemployment,2019-11-01,3.6,fred,2026-07-25T01:00:25+00:00
us_unemployment,2019-12-01,3.6,fred,2026-07-25T01:00:25+00:00
us_unemployment,2020-01-01,3.6,fred,2026-07-25T01:00:25+00:00
us_unemployment,2020-02-01,3.5,fred,2026-07-25T01:00:25+00:00
us_unemployment,2020-03-01,4.4,fred,2026-07-25T01:00:25+00:00
us_unemployment,2020-04-01,14.8,fred,2026-07-25T01:00:25+00:00
us_unemployment,2020-05-01,13.2,fred,2026-07-25T01:00:25+00:00
us_unemployment,2020-06-01,11.0,fred,2026-07-25T01:00:25+00:00
us_unemployment,2020-07-01,10.2,fred,2026-07-25T01:00:25+00:00
us_unemployment,2020-08-01,8.4,fred,2026-07-25T01:00:25+00:00
us_unemployment,2020-09-01,7.8,fred,2026-07-25T01:00:25+00:00
us_unemployment,2020-10-01,6.9,fred,2026-07-25T01:00:25+00:00
us_unemployment,2020-11-01,6.7,fred,2026-07-25T01:00:25+00:00
us_unemployment,2020-12-01,6.7,fred,2026-07-25T01:00:25+00:00
us_unemployment,2021-01-01,6.4,fred,2026-07-25T01:00:25+00:00
us_unemployment,2021-02-01,6.2,fred,2026-07-25T01:00:25+00:00
us_unemployment,2021-03-01,6.1,fred,2026-07-25T01:00:25+00:00
us_unemployment,2021-04-01,6.1,fred,2026-07-25T01:00:25+00:00
us_unemployment,2021-05-01,5.8,fred,2026-07-25T01:00:25+00:00
us_unemployment,2021-06-01,5.9,fred,2026-07-25T01:00:25+00:00
us_unemployment,2021-07-01,5.4,fred,2026-07-25T01:00:25+00:00
us_unemployment,2021-08-01,5.1,fred,2026-07-25T01:00:25+00:00
us_unemployment,2021-09-01,4.7,fred,2026-07-25T01:00:25+00:00
us_unemployment,2021-10-01,4.5,fred,2026-07-25T01:00:25+00:00
us_unemployment,2021-11-01,4.1,fred,2026-07-25T01:00:25+00:00
us_unemployment,2021-12-01,3.9,fred,2026-07-25T01:00:25+00:00
us_unemployment,2022-01-01,4.0,fred,2026-07-25T01:00:25+00:00
us_unemployment,2022-02-01,3.9,fred,2026-07-25T01:00:25+00:00
us_unemployment,2022-03-01,3.7,fred,2026-07-25T01:00:25+00:00
us_unemployment,2022-04-01,3.7,fred,2026-07-25T01:00:25+00:00
us_unemployment,2022-05-01,3.6,fred,2026-07-25T01:00:25+00:00
us_unemployment,2022-06-01,3.6,fred,2026-07-25T01:00:25+00:00
us_unemployment,2022-07-01,3.5,fred,2026-07-25T01:00:25+00:00
us_unemployment,2022-08-01,3.6,fred,2026-07-25T01:00:25+00:00
us_unemployment,2022-09-01,3.5,fred,2026-07-25T01:00:25+00:00
us_unemployment,2022-10-01,3.6,fred,2026-07-25T01:00:25+00:00
us_unemployment,2022-11-01,3.6,fred,2026-07-25T01:00:25+00:00
us_unemployment,2022-12-01,3.5,fred,2026-07-25T01:00:25+00:00
us_unemployment,2023-01-01,3.5,fred,2026-07-25T01:00:25+00:00
us_unemployment,2023-02-01,3.6,fred,2026-07-25T01:00:25+00:00
us_unemployment,2023-03-01,3.5,fred,2026-07-25T01:00:25+00:00
us_unemployment,2023-04-01,3.4,fred,2026-07-25T01:00:25+00:00
us_unemployment,2023-05-01,3.6,fred,2026-07-25T01:00:25+00:00
us_unemployment,2023-06-01,3.6,fred,2026-07-25T01:00:25+00:00
us_unemployment,2023-07-01,3.5,fred,2026-07-25T01:00:25+00:00
us_unemployment,2023-08-01,3.7,fred,2026-07-25T01:00:25+00:00
us_unemployment,2023-09-01,3.7,fred,2026-07-25T01:00:25+00:00
us_unemployment,2023-10-01,3.9,fred,2026-07-25T01:00:25+00:00
us_unemployment,2023-11-01,3.7,fred,2026-07-25T01:00:25+00:00
us_unemployment,2023-12-01,3.8,fred,2026-07-25T01:00:25+00:00
us_unemployment,2024-01-01,3.7,fred,2026-07-25T01:00:25+00:00
us_unemployment,2024-02-01,3.9,fred,2026-07-25T01:00:25+00:00
us_unemployment,2024-03-01,3.9,fred,2026-07-25T01:00:25+00:00
us_unemployment,2024-04-01,3.9,fred,2026-07-25T01:00:25+00:00
us_unemployment,2024-05-01,3.9,fred,2026-07-25T01:00:25+00:00
us_unemployment,2024-06-01,4.1,fred,2026-07-25T01:00:25+00:00
us_unemployment,2024-07-01,4.2,fred,2026-07-25T01:00:25+00:00
us_unemployment,2024-08-01,4.2,fred,2026-07-25T01:00:25+00:00
us_unemployment,2024-09-01,4.1,fred,2026-07-25T01:00:25+00:00
us_unemployment,2024-10-01,4.1,fred,2026-07-25T01:00:25+00:00
us_unemployment,2024-11-01,4.2,fred,2026-07-25T01:00:25+00:00
us_unemployment,2024-12-01,4.1,fred,2026-07-25T01:00:25+00:00
us_unemployment,2025-01-01,4.0,fred,2026-07-25T01:00:25+00:00
us_unemployment,2025-02-01,4.2,fred,2026-07-25T01:00:25+00:00
us_unemployment,2025-03-01,4.2,fred,2026-07-25T01:00:25+00:00
us_unemployment,2025-04-01,4.2,fred,2026-07-25T01:00:25+00:00
us_unemployment,2025-05-01,4.3,fred,2026-07-25T01:00:25+00:00
us_unemployment,2025-06-01,4.1,fred,2026-07-25T01:00:25+00:00
us_unemployment,2025-07-01,4.3,fred,2026-07-25T01:00:25+00:00
us_unemployment,2025-08-01,4.3,fred,2026-07-25T01:00:25+00:00
us_unemployment,2025-09-01,4.4,fred,2026-07-25T01:00:25+00:00
us_unemployment,2025-11-01,4.5,fred,2026-07-25T01:00:25+00:00
us_unemployment,2025-12-01,4.4,fred,2026-07-25T01:00:25+00:00
us_unemployment,2026-01-01,4.3,fred,2026-07-25T01:00:25+00:00
us_unemployment,2026-02-01,4.4,fred,2026-07-25T01:00:25+00:00
us_unemployment,2026-03-01,4.3,fred,2026-07-25T01:00:25+00:00
us_unemployment,2026-04-01,4.3,fred,2026-07-25T01:00:25+00:00
us_unemployment,2026-05-01,4.3,fred,2026-07-25T01:00:25+00:00
us_unemployment,2026-06-01,4.2,fred,2026-07-25T01:00:25+00:00
