date,ticker,short_qty,short_vol_pct,cum_short_qty,cum_short_vol_pct,short_amt,source,fetched_at
2026-03-09,000660,301352,4.15,1067130,4.00,250601433000,kis_api,2026-08-02T14:47:49+00:00
2026-03-10,000660,87541,1.65,806073,3.54,81204001500,kis_api,2026-08-03T17:23:07+00:00
2026-03-11,000660,78737,2.01,571104,2.82,75437373500,kis_api,2026-08-04T16:33:28+00:00
2026-03-12,000660,65115,1.75,532745,2.64,61088546500,kis_api,2026-08-05T16:18:46+00:00
2026-03-13,000660,156336,4.29,387729,2.34,142173984500,kis_api,2026-08-06T10:57:28+00:00
2026-03-16,000660,80896,2.11,381084,2.52,77252595500,kis_api,2026-08-09T11:15:27+00:00
2026-03-17,000660,83632,2.51,385979,2.66,83393540500,kis_api,2026-08-10T12:10:08+00:00
2026-03-18,000660,92624,2.13,478603,2.54,95008590000,kis_api,2026-08-10T12:10:08+00:00
2026-03-19,000660,292894,8.75,771497,3.47,297845151000,kis_api,2026-08-10T12:10:08+00:00
2026-03-20,000660,237459,6.93,1008956,3.94,240197587500,kis_api,2026-08-10T12:10:08+00:00
2026-03-23,000660,188326,4.81,811303,5.40,177199059500,kis_api,2026-08-17T10:33:10+00:00
2026-03-24,000660,70255,1.61,788934,5.25,68719433000,kis_api,2026-08-18T10:29:31+00:00
2026-03-25,000660,261493,5.86,757533,4.69,262927350000,kis_api,2026-08-19T10:29:59+00:00
2026-03-26,000660,310053,6.65,830127,4.77,293524212631,kis_api,2026-08-20T10:31:30+00:00
2026-03-27,000660,290453,6.42,932254,5.18,263252830500,kis_api,2026-08-23T10:25:17+00:00
2026-03-30,000660,111894,2.49,973893,5.37,97442065000,kis_api,2026-08-24T10:38:09+00:00
2026-03-31,000660,114351,1.59,826751,3.96,93998682000,kis_api,2026-08-25T10:34:03+00:00
2026-04-01,000660,160466,2.57,677164,3.01,141124768000,kis_api,2026-08-26T10:36:11+00:00
2026-04-02,000660,437809,7.14,824520,3.42,371106071500,kis_api,2026-08-27T20:10:52+00:00
2026-04-03,000660,163482,5.58,876108,3.89,143278410500,kis_api,2026-08-30T14:42:57+00:00
2026-04-06,000660,106643,3.44,868400,4.72,94079364500,kis_api,2026-08-31T17:25:55+00:00
2026-04-07,000660,452883,12.51,1160817,7.36,412905916000,kis_api,2026-09-01T14:36:05+00:00
2026-04-08,000660,210355,3.14,933363,5.71,214643926500,kis_api,2026-09-02T14:09:48+00:00
2026-04-09,000660,448129,8.91,1218010,6.60,448081049500,kis_api,2026-09-03T14:12:03+00:00
2026-04-10,000660,61536,1.96,1172903,6.34,63477439500,kis_api,2026-09-06T13:26:35+00:00
2026-04-13,000660,108387,3.91,828407,4.70,111721153500,kis_api,2026-09-07T15:33:39+00:00
2026-04-14,000660,68843,1.45,686895,4.38,76237295000,kis_api,2026-09-08T14:12:37+00:00
2026-04-15,000660,147045,3.59,385811,2.62,170655057000,kis_api,2026-09-09T14:13:12+00:00
2026-04-16,000660,46696,1.61,370971,2.56,53808604000,kis_api,2026-09-10T14:07:02+00:00
2026-04-17,000660,376331,10.52,638915,4.17,427495829576,kis_api,2026-09-13T14:08:04+00:00
2026-04-20,000660,197762,5.28,767834,5.36,227662697000,kis_api,2026-09-14T16:12:17+00:00
2026-04-21,000660,46231,1.31,667020,4.85,55967835500,kis_api,2026-09-15T14:40:41+00:00
2026-04-22,000660,66131,2.28,686455,5.00,80463547000,kis_api,2026-09-16T14:40:44+00:00
2026-04-23,000660,66225,1.24,376349,2.43,81219870500,kis_api,2026-09-17T14:44:21+00:00
2026-04-24,000660,65151,2.08,243738,1.64,79328622500,kis_api,2026-09-20T13:59:31+00:00
2026-04-27,000660,32227,0.71,229734,1.44,41640108000,kis_api,2026-09-21T16:17:12+00:00
2026-04-28,000660,118505,3.95,282108,1.76,155237435500,kis_api,2026-09-22T14:25:13+00:00
2026-04-29,000660,58173,1.94,274056,2.00,75463221000,kis_api,2026-09-27T15:01:07+00:00
2026-04-30,000660,9978,0.30,218883,1.57,13055850000,kis_api,2026-09-28T17:59:10+00:00
2026-05-04,000660,25724,0.45,212380,1.40,35903786500,kis_api,2026-09-29T16:21:59+00:00
2026-05-06,000660,338480,5.10,432355,2.31,537633745000,kis_api,2026-09-30T16:17:35+00:00
2026-05-07,000660,58250,0.99,432432,2.00,94995482500,kis_api,2026-10-01T06:41:22+00:00
2026-05-08,000660,30171,0.71,462603,1.79,49513420500,kis_api,2026-10-01T06:41:22+00:00
2026-05-11,000660,257106,3.46,719709,2.16,479110765000,kis_api,2026-10-01T06:41:22+00:00
2026-05-12,000660,98314,1.07,818023,1.93,186692305500,kis_api,2026-10-01T06:41:22+00:00
2026-05-13,000660,251254,3.53,1069277,2.16,454809278000,kis_api,2026-10-01T06:41:22+00:00
2026-05-14,000660,264808,4.38,1334085,2.40,522608063000,kis_api,2026-10-01T06:41:22+00:00
2026-05-15,000660,236127,3.15,1570212,2.49,458330777500,kis_api,2026-10-01T06:41:22+00:00
2026-05-18,000660,51681,0.80,1621893,2.33,93951458500,kis_api,2026-10-01T06:41:22+00:00
2026-05-19,000660,114631,2.51,1736524,2.34,204558458000,kis_api,2026-10-01T06:41:22+00:00
2026-05-20,000660,117411,2.12,1853935,2.33,203993030000,kis_api,2026-10-01T06:41:22+00:00
2026-05-21,000660,138739,2.72,1992674,2.35,259995039500,kis_api,2026-10-01T06:41:22+00:00
2026-05-22,000660,61332,1.96,2054006,2.34,119008827500,kis_api,2026-10-01T06:41:22+00:00
2026-05-26,000660,288214,5.88,2342220,2.52,585456809540,kis_api,2026-10-01T06:41:22+00:00
2026-05-27,000660,165456,2.19,2507676,2.50,372900265500,kis_api,2026-10-01T06:41:22+00:00
2026-05-28,000660,347023,5.57,2854699,2.68,761649240500,kis_api,2026-10-01T06:41:22+00:00
2026-05-29,000660,590777,6.94,3445476,2.99,1377583564585,kis_api,2026-10-01T06:41:22+00:00
2026-06-01,000660,156882,2.80,3602358,2.98,363757839000,kis_api,2026-10-01T06:41:22+00:00
2026-06-02,000660,241690,4.14,3844048,3.04,563407812000,kis_api,2026-10-01T06:41:22+00:00
2026-06-04,000660,265482,6.74,4109530,3.15,607689919000,kis_api,2026-10-01T06:41:22+00:00
2026-06-05,000660,311355,5.39,4420885,3.24,660173097500,kis_api,2026-10-01T06:41:22+00:00
2026-06-08,000660,281473,4.26,4702358,3.29,564150923000,kis_api,2026-10-01T06:41:22+00:00
2026-06-09,000660,400376,6.81,5102734,3.43,855078157000,kis_api,2026-10-01T06:41:22+00:00
2026-06-10,000660,196647,3.99,5299381,3.45,414358643500,kis_api,2026-10-01T06:41:22+00:00
2026-06-11,000660,246359,3.72,5545740,3.46,508308171500,kis_api,2026-10-01T06:41:22+00:00
2026-06-12,000660,313311,5.93,5859051,3.54,712096510000,kis_api,2026-10-01T06:41:22+00:00
2026-06-15,000660,159749,4.12,6018800,3.55,366122174000,kis_api,2026-10-01T06:41:22+00:00
2026-06-16,000660,105840,2.90,6124640,3.54,250842916000,kis_api,2026-10-01T06:41:22+00:00
2026-06-17,000660,63885,1.61,6188525,3.49,156100563500,kis_api,2026-10-01T06:41:22+00:00
2026-06-18,000660,198751,3.42,6387276,3.49,526300034000,kis_api,2026-10-01T06:41:22+00:00
2026-06-19,000660,309734,4.14,6697010,3.52,853085995000,kis_api,2026-10-01T06:41:22+00:00
2026-06-22,000660,76411,1.48,6773421,3.46,221157294500,kis_api,2026-10-01T06:41:22+00:00
2026-06-23,000660,430115,5.34,7203536,3.54,1162560993500,kis_api,2026-10-01T06:41:22+00:00
2026-06-24,000660,560877,7.49,7764413,3.68,1446599860000,kis_api,2026-10-01T06:41:22+00:00
2026-06-25,000660,220285,3.24,7984698,3.66,618984769000,kis_api,2026-10-01T06:41:22+00:00
2026-06-26,000660,512861,6.87,8497559,3.77,1393153260500,kis_api,2026-10-01T06:41:22+00:00
2026-06-29,000660,312244,5.98,8809803,3.82,806177973500,kis_api,2026-10-01T06:41:22+00:00
2026-06-30,000660,134337,2.63,8944140,3.79,355568276000,kis_api,2026-10-01T06:41:22+00:00
2026-07-01,000660,228542,5.34,9172682,3.82,591447459000,kis_api,2026-10-01T06:41:22+00:00
2026-07-02,000660,188352,2.45,9361034,3.78,441845550500,kis_api,2026-10-01T06:41:22+00:00
2026-07-03,000660,50591,0.63,9411625,3.68,116005087500,kis_api,2026-10-01T06:41:22+00:00
2026-07-06,000660,105542,2.49,9517167,3.66,253030995500,kis_api,2026-10-01T06:41:22+00:00
2026-07-07,000660,212088,3.34,9729255,3.65,456517328000,kis_api,2026-10-01T06:41:22+00:00
2026-07-08,000660,53774,0.77,9783029,3.58,116499732000,kis_api,2026-10-01T06:41:22+00:00
2026-07-09,000660,63290,1.01,9846319,3.52,138107538500,kis_api,2026-10-01T06:41:22+00:00
2026-07-10,000660,254632,5.27,10100951,3.55,564882324000,kis_api,2026-10-01T06:41:22+00:00
2026-07-13,000660,324926,4.04,10425877,3.57,641433921500,kis_api,2026-10-01T06:41:22+00:00
2026-07-14,000660,161723,1.55,10587600,3.50,294276675500,kis_api,2026-10-01T06:41:22+00:00
2026-07-15,000660,104996,1.74,10692596,3.46,221570890500,kis_api,2026-10-01T06:41:22+00:00
2026-07-16,000660,171109,3.05,10863705,3.45,317245085500,kis_api,2026-10-01T06:41:22+00:00
2026-07-20,000660,135348,2.30,10999053,3.43,241420341000,kis_api,2026-10-01T06:41:22+00:00
2026-07-21,000660,68549,1.48,11067602,3.41,123339336000,kis_api,2026-10-01T06:41:22+00:00
2026-07-22,000660,91472,1.90,11159074,3.38,172820238500,kis_api,2026-10-01T06:41:22+00:00
2026-07-23,000660,272242,6.61,11431316,3.42,519253475000,kis_api,2026-10-01T06:41:22+00:00
2026-07-24,000660,237503,4.81,11668819,3.44,427151913500,kis_api,2026-10-01T06:41:22+00:00
2026-07-27,000660,90786,2.25,11759605,3.43,161233514500,kis_api,2026-10-01T06:41:22+00:00
2026-07-28,000660,193166,2.38,11952771,3.41,305132523500,kis_api,2026-10-01T06:41:22+00:00
2026-07-29,000660,373052,3.00,12325823,3.39,518021464000,kis_api,2026-10-01T06:41:22+00:00
2026-07-30,000660,229683,2.41,12555506,3.37,308997573500,kis_api,2026-10-01T06:41:22+00:00
2026-07-31,000660,351376,3.35,12906882,3.37,584892516500,kis_api,2026-10-01T06:41:22+00:00
2026-08-03,000660,188996,3.48,13095878,3.37,300714165000,kis_api,2026-10-01T06:41:22+00:00
2026-08-04,000660,115712,2.15,13211590,3.35,179172724000,kis_api,2026-10-01T06:41:22+00:00
2026-08-05,000660,114334,2.90,13325924,3.35,191915779500,kis_api,2026-10-01T06:41:22+00:00
2026-08-06,000660,107602,1.96,13433526,3.33,163555495500,kis_api,2026-10-01T06:41:22+00:00
2026-08-07,000660,360656,7.21,13794182,3.37,535393489000,kis_api,2026-10-01T06:41:22+00:00
2026-08-10,000660,219394,6.66,14013576,3.40,314588198500,kis_api,2026-10-01T06:41:22+00:00
2026-08-11,000660,280390,7.34,14293966,3.44,397176247500,kis_api,2026-10-01T06:41:22+00:00
2026-08-12,000660,187303,4.10,14481269,3.44,279815292500,kis_api,2026-10-01T06:41:22+00:00
2026-08-13,000660,199753,4.27,14681022,3.45,320791562000,kis_api,2026-10-01T06:41:22+00:00
2026-08-14,000660,206487,4.57,14887509,3.47,341328848000,kis_api,2026-10-01T06:41:22+00:00
2026-08-18,000660,186966,3.64,15074475,3.47,320859397500,kis_api,2026-10-01T06:41:22+00:00
2026-08-19,000660,248815,5.89,15323290,3.49,377019707500,kis_api,2026-10-01T06:41:22+00:00
2026-08-20,000660,271829,4.98,15595119,3.51,453868125000,kis_api,2026-10-01T06:41:22+00:00
2026-08-21,000660,240537,5.63,15835656,3.53,420055100500,kis_api,2026-10-01T06:41:22+00:00
2026-08-24,000660,197489,4.94,16033145,3.54,340860936000,kis_api,2026-10-01T06:41:22+00:00
2026-08-25,000660,185162,4.59,16218307,3.55,298220547500,kis_api,2026-10-01T06:41:22+00:00
2026-08-26,000660,159697,5.46,16378004,3.56,271436747000,kis_api,2026-10-01T06:41:22+00:00
2026-08-27,000660,253104,7.75,16631108,3.59,439365927000,kis_api,2026-10-01T06:41:22+00:00
2026-08-28,000660,172579,4.89,16803687,3.60,292381992000,kis_api,2026-10-01T06:41:22+00:00
2026-08-31,000660,211348,5.31,17015035,3.62,341702571000,kis_api,2026-10-01T06:41:22+00:00
2026-09-01,000660,320470,11.75,17335505,3.66,539463399000,kis_api,2026-10-01T06:41:22+00:00
2026-09-02,000660,250359,9.75,17585864,3.70,408708055500,kis_api,2026-10-01T06:41:22+00:00
2026-09-03,000660,329201,12.50,17915065,3.75,531547141500,kis_api,2026-10-01T06:41:22+00:00
2026-09-04,000660,126402,4.47,18041467,3.75,209224887500,kis_api,2026-10-01T06:41:22+00:00
2026-09-07,000660,72688,2.09,18114155,3.74,126817315500,kis_api,2026-10-01T06:41:22+00:00
2026-09-08,000660,113173,2.72,18227328,3.73,209597653500,kis_api,2026-10-01T06:41:22+00:00
2026-09-09,000660,256837,7.28,18484165,3.75,474782830500,kis_api,2026-10-01T06:41:22+00:00
2026-09-10,000660,245737,5.48,18729902,3.77,453775693500,kis_api,2026-10-01T06:41:22+00:00
2026-09-11,000660,341794,13.02,19071696,3.82,610440024000,kis_api,2026-10-01T06:41:22+00:00
2026-09-14,000660,453061,11.32,19524757,3.88,775120642500,kis_api,2026-10-01T06:41:22+00:00
2026-09-15,000660,242445,8.87,19767202,3.90,411132072000,kis_api,2026-10-01T06:41:22+00:00
2026-09-16,000660,94231,3.30,19861433,3.90,162759932000,kis_api,2026-10-01T06:41:22+00:00
2026-09-17,000660,284023,10.13,20145456,3.94,498050616000,kis_api,2026-10-01T06:41:22+00:00
2026-09-18,000660,139750,2.93,20285206,3.93,258555829000,kis_api,2026-10-01T06:41:22+00:00
2026-09-21,000660,80119,2.91,20365325,3.92,149857292500,kis_api,2026-10-01T06:41:22+00:00
2026-09-22,000660,116315,3.56,20481640,3.92,215967502000,kis_api,2026-10-01T06:41:22+00:00
2026-09-23,000660,140707,4.77,20622347,3.92,261365841500,kis_api,2026-10-01T06:41:22+00:00
2026-09-28,000660,248168,7.51,20870515,3.95,443797021500,kis_api,2026-10-01T06:41:22+00:00
2026-09-29,000660,188110,6.40,21058625,3.96,331256123000,kis_api,2026-10-01T06:41:22+00:00
2026-09-30,000660,187462,5.71,21246087,3.97,335599563000,kis_api,2026-10-01T06:41:22+00:00
2026-10-01,000660,82435,3.94,21328522,3.97,147221149500,kis_api,2026-10-01T06:41:22+00:00
